student_id,course_id,enrollment_type
STU0001,C001,CORE
STU0001,C002,CORE
STU0001,C003,CORE
STU0001,C004,CORE
STU0001,C005,CORE
STU0001,C006,CORE
STU0001,C007,CORE
STU0002,C001,CORE
STU0002,C002,CORE
STU0002,C003,CORE
STU0002,C004,CORE
STU0002,C005,CORE
STU0002,C006,CORE
STU0002,C007,CORE
STU0003,C001,CORE
STU0003,C002,CORE
STU0003,C003,CORE
STU0003,C004,CORE
STU0003,C005,CORE
STU0003,C006,CORE
STU0003,C007,CORE
STU0004,C001,CORE
STU0004,C002,CORE
STU0004,C003,CORE
STU0004,C004,CORE
STU0004,C005,CORE
STU0004,C006,CORE
STU0004,C007,CORE
STU0005,C001,CORE
STU0005,C002,CORE
STU0005,C003,CORE
STU0005,C004,CORE
STU0005,C005,CORE
STU0005,C006,CORE
STU0005,C007,CORE
STU0006,C001,CORE
STU0006,C002,CORE
STU0006,C003,CORE
STU0006,C004,CORE
STU0006,C005,CORE
STU0006,C006,CORE
STU0006,C007,CORE
STU0007,C001,CORE
STU0007,C002,CORE
STU0007,C003,CORE
STU0007,C004,CORE
STU0007,C005,CORE
STU0007,C006,CORE
STU0007,C007,CORE
STU0008,C001,CORE
STU0008,C002,CORE
STU0008,C003,CORE
STU0008,C004,CORE
STU0008,C005,CORE
STU0008,C006,CORE
STU0008,C007,CORE
STU0009,C001,CORE
STU0009,C002,CORE
STU0009,C003,CORE
STU0009,C004,CORE
STU0009,C005,CORE
STU0009,C006,CORE
STU0009,C007,CORE
STU0010,C001,CORE
STU0010,C002,CORE
STU0010,C003,CORE
STU0010,C004,CORE
STU0010,C005,CORE
STU0010,C006,CORE
STU0010,C007,CORE
STU0011,C001,CORE
STU0011,C002,CORE
STU0011,C003,CORE
STU0011,C004,CORE
STU0011,C005,CORE
STU0011,C006,CORE
STU0011,C007,CORE
STU0012,C001,CORE
STU0012,C002,CORE
STU0012,C003,CORE
STU0012,C004,CORE
STU0012,C005,CORE
STU0012,C006,CORE
STU0012,C007,CORE
STU0013,C001,CORE
STU0013,C002,CORE
STU0013,C003,CORE
STU0013,C004,CORE
STU0013,C005,CORE
STU0013,C006,CORE
STU0013,C007,CORE
STU0014,C001,CORE
STU0014,C002,CORE
STU0014,C003,CORE
STU0014,C004,CORE
STU0014,C005,CORE
STU0014,C006,CORE
STU0014,C007,CORE
STU0015,C001,CORE
STU0015,C002,CORE
STU0015,C003,CORE
STU0015,C004,CORE
STU0015,C005,CORE
STU0015,C006,CORE
STU0015,C007,CORE
STU0016,C001,CORE
STU0016,C002,CORE
STU0016,C003,CORE
STU0016,C004,CORE
STU0016,C005,CORE
STU0016,C006,CORE
STU0016,C007,CORE
STU0017,C001,CORE
STU0017,C002,CORE
STU0017,C003,CORE
STU0017,C004,CORE
STU0017,C005,CORE
STU0017,C006,CORE
STU0017,C007,CORE
STU0018,C001,CORE
STU0018,C002,CORE
STU0018,C003,CORE
STU0018,C004,CORE
STU0018,C005,CORE
STU0018,C006,CORE
STU0018,C007,CORE
STU0019,C001,CORE
STU0019,C002,CORE
STU0019,C003,CORE
STU0019,C004,CORE
STU0019,C005,CORE
STU0019,C006,CORE
STU0019,C007,CORE
STU0020,C001,CORE
STU0020,C002,CORE
STU0020,C003,CORE
STU0020,C004,CORE
STU0020,C005,CORE
STU0020,C006,CORE
STU0020,C007,CORE
STU0021,C001,CORE
STU0021,C002,CORE
STU0021,C003,CORE
STU0021,C004,CORE
STU0021,C005,CORE
STU0021,C006,CORE
STU0021,C007,CORE
STU0022,C001,CORE
STU0022,C002,CORE
STU0022,C003,CORE
STU0022,C004,CORE
STU0022,C005,CORE
STU0022,C006,CORE
STU0022,C007,CORE
STU0023,C001,CORE
STU0023,C002,CORE
STU0023,C003,CORE
STU0023,C004,CORE
STU0023,C005,CORE
STU0023,C006,CORE
STU0023,C007,CORE
STU0024,C001,CORE
STU0024,C002,CORE
STU0024,C003,CORE
STU0024,C004,CORE
STU0024,C005,CORE
STU0024,C006,CORE
STU0024,C007,CORE
STU0025,C001,CORE
STU0025,C002,CORE
STU0025,C003,CORE
STU0025,C004,CORE
STU0025,C005,CORE
STU0025,C006,CORE
STU0025,C007,CORE
STU0026,C001,CORE
STU0026,C002,CORE
STU0026,C003,CORE
STU0026,C004,CORE
STU0026,C005,CORE
STU0026,C006,CORE
STU0026,C007,CORE
STU0027,C001,CORE
STU0027,C002,CORE
STU0027,C003,CORE
STU0027,C004,CORE
STU0027,C005,CORE
STU0027,C006,CORE
STU0027,C007,CORE
STU0028,C001,CORE
STU0028,C002,CORE
STU0028,C003,CORE
STU0028,C004,CORE
STU0028,C005,CORE
STU0028,C006,CORE
STU0028,C007,CORE
STU0029,C001,CORE
STU0029,C002,CORE
STU0029,C003,CORE
STU0029,C004,CORE
STU0029,C005,CORE
STU0029,C006,CORE
STU0029,C007,CORE
STU0030,C001,CORE
STU0030,C002,CORE
STU0030,C003,CORE
STU0030,C004,CORE
STU0030,C005,CORE
STU0030,C006,CORE
STU0030,C007,CORE
STU0031,C001,CORE
STU0031,C002,CORE
STU0031,C003,CORE
STU0031,C004,CORE
STU0031,C005,CORE
STU0031,C006,CORE
STU0031,C007,CORE
STU0032,C001,CORE
STU0032,C002,CORE
STU0032,C003,CORE
STU0032,C004,CORE
STU0032,C005,CORE
STU0032,C006,CORE
STU0032,C007,CORE
STU0033,C001,CORE
STU0033,C002,CORE
STU0033,C003,CORE
STU0033,C004,CORE
STU0033,C005,CORE
STU0033,C006,CORE
STU0033,C007,CORE
STU0034,C001,CORE
STU0034,C002,CORE
STU0034,C003,CORE
STU0034,C004,CORE
STU0034,C005,CORE
STU0034,C006,CORE
STU0034,C007,CORE
STU0035,C001,CORE
STU0035,C002,CORE
STU0035,C003,CORE
STU0035,C004,CORE
STU0035,C005,CORE
STU0035,C006,CORE
STU0035,C007,CORE
STU0036,C001,CORE
STU0036,C002,CORE
STU0036,C003,CORE
STU0036,C004,CORE
STU0036,C005,CORE
STU0036,C006,CORE
STU0036,C007,CORE
STU0037,C001,CORE
STU0037,C002,CORE
STU0037,C003,CORE
STU0037,C004,CORE
STU0037,C005,CORE
STU0037,C006,CORE
STU0037,C007,CORE
STU0038,C001,CORE
STU0038,C002,CORE
STU0038,C003,CORE
STU0038,C004,CORE
STU0038,C005,CORE
STU0038,C006,CORE
STU0038,C007,CORE
STU0039,C001,CORE
STU0039,C002,CORE
STU0039,C003,CORE
STU0039,C004,CORE
STU0039,C005,CORE
STU0039,C006,CORE
STU0039,C007,CORE
STU0040,C001,CORE
STU0040,C002,CORE
STU0040,C003,CORE
STU0040,C004,CORE
STU0040,C005,CORE
STU0040,C006,CORE
STU0040,C007,CORE
STU0041,C001,CORE
STU0041,C002,CORE
STU0041,C003,CORE
STU0041,C004,CORE
STU0041,C005,CORE
STU0041,C006,CORE
STU0041,C007,CORE
STU0042,C001,CORE
STU0042,C002,CORE
STU0042,C003,CORE
STU0042,C004,CORE
STU0042,C005,CORE
STU0042,C006,CORE
STU0042,C007,CORE
STU0043,C001,CORE
STU0043,C002,CORE
STU0043,C003,CORE
STU0043,C004,CORE
STU0043,C005,CORE
STU0043,C006,CORE
STU0043,C007,CORE
STU0044,C001,CORE
STU0044,C002,CORE
STU0044,C003,CORE
STU0044,C004,CORE
STU0044,C005,CORE
STU0044,C006,CORE
STU0044,C007,CORE
STU0045,C001,CORE
STU0045,C002,CORE
STU0045,C003,CORE
STU0045,C004,CORE
STU0045,C005,CORE
STU0045,C006,CORE
STU0045,C007,CORE
STU0046,C001,CORE
STU0046,C002,CORE
STU0046,C003,CORE
STU0046,C004,CORE
STU0046,C005,CORE
STU0046,C006,CORE
STU0046,C007,CORE
STU0047,C001,CORE
STU0047,C002,CORE
STU0047,C003,CORE
STU0047,C004,CORE
STU0047,C005,CORE
STU0047,C006,CORE
STU0047,C007,CORE
STU0048,C001,CORE
STU0048,C002,CORE
STU0048,C003,CORE
STU0048,C004,CORE
STU0048,C005,CORE
STU0048,C006,CORE
STU0048,C007,CORE
STU0049,C001,CORE
STU0049,C002,CORE
STU0049,C003,CORE
STU0049,C004,CORE
STU0049,C005,CORE
STU0049,C006,CORE
STU0049,C007,CORE
STU0050,C001,CORE
STU0050,C002,CORE
STU0050,C003,CORE
STU0050,C004,CORE
STU0050,C005,CORE
STU0050,C006,CORE
STU0050,C007,CORE
STU0051,C001,CORE
STU0051,C002,CORE
STU0051,C003,CORE
STU0051,C004,CORE
STU0051,C005,CORE
STU0051,C006,CORE
STU0051,C007,CORE
STU0052,C001,CORE
STU0052,C002,CORE
STU0052,C003,CORE
STU0052,C004,CORE
STU0052,C005,CORE
STU0052,C006,CORE
STU0052,C007,CORE
STU0053,C001,CORE
STU0053,C002,CORE
STU0053,C003,CORE
STU0053,C004,CORE
STU0053,C005,CORE
STU0053,C006,CORE
STU0053,C007,CORE
STU0054,C001,CORE
STU0054,C002,CORE
STU0054,C003,CORE
STU0054,C004,CORE
STU0054,C005,CORE
STU0054,C006,CORE
STU0054,C007,CORE
STU0055,C001,CORE
STU0055,C002,CORE
STU0055,C003,CORE
STU0055,C004,CORE
STU0055,C005,CORE
STU0055,C006,CORE
STU0055,C007,CORE
STU0056,C001,CORE
STU0056,C002,CORE
STU0056,C003,CORE
STU0056,C004,CORE
STU0056,C005,CORE
STU0056,C006,CORE
STU0056,C007,CORE
STU0057,C001,CORE
STU0057,C002,CORE
STU0057,C003,CORE
STU0057,C004,CORE
STU0057,C005,CORE
STU0057,C006,CORE
STU0057,C007,CORE
STU0058,C001,CORE
STU0058,C002,CORE
STU0058,C003,CORE
STU0058,C004,CORE
STU0058,C005,CORE
STU0058,C006,CORE
STU0058,C007,CORE
STU0059,C001,CORE
STU0059,C002,CORE
STU0059,C003,CORE
STU0059,C004,CORE
STU0059,C005,CORE
STU0059,C006,CORE
STU0059,C007,CORE
STU0060,C001,CORE
STU0060,C002,CORE
STU0060,C003,CORE
STU0060,C004,CORE
STU0060,C005,CORE
STU0060,C006,CORE
STU0060,C007,CORE
STU0061,C001,CORE
STU0061,C002,CORE
STU0061,C003,CORE
STU0061,C004,CORE
STU0061,C005,CORE
STU0061,C006,CORE
STU0061,C007,CORE
STU0062,C001,CORE
STU0062,C002,CORE
STU0062,C003,CORE
STU0062,C004,CORE
STU0062,C005,CORE
STU0062,C006,CORE
STU0062,C007,CORE
STU0063,C001,CORE
STU0063,C002,CORE
STU0063,C003,CORE
STU0063,C004,CORE
STU0063,C005,CORE
STU0063,C006,CORE
STU0063,C007,CORE
STU0064,C001,CORE
STU0064,C002,CORE
STU0064,C003,CORE
STU0064,C004,CORE
STU0064,C005,CORE
STU0064,C006,CORE
STU0064,C007,CORE
STU0065,C001,CORE
STU0065,C002,CORE
STU0065,C003,CORE
STU0065,C004,CORE
STU0065,C005,CORE
STU0065,C006,CORE
STU0065,C007,CORE
STU0066,C001,CORE
STU0066,C002,CORE
STU0066,C003,CORE
STU0066,C004,CORE
STU0066,C005,CORE
STU0066,C006,CORE
STU0066,C007,CORE
STU0067,C001,CORE
STU0067,C002,CORE
STU0067,C003,CORE
STU0067,C004,CORE
STU0067,C005,CORE
STU0067,C006,CORE
STU0067,C007,CORE
STU0068,C001,CORE
STU0068,C002,CORE
STU0068,C003,CORE
STU0068,C004,CORE
STU0068,C005,CORE
STU0068,C006,CORE
STU0068,C007,CORE
STU0069,C001,CORE
STU0069,C002,CORE
STU0069,C003,CORE
STU0069,C004,CORE
STU0069,C005,CORE
STU0069,C006,CORE
STU0069,C007,CORE
STU0070,C001,CORE
STU0070,C002,CORE
STU0070,C003,CORE
STU0070,C004,CORE
STU0070,C005,CORE
STU0070,C006,CORE
STU0070,C007,CORE
STU0071,C001,CORE
STU0071,C002,CORE
STU0071,C003,CORE
STU0071,C004,CORE
STU0071,C005,CORE
STU0071,C006,CORE
STU0071,C007,CORE
STU0072,C001,CORE
STU0072,C002,CORE
STU0072,C003,CORE
STU0072,C004,CORE
STU0072,C005,CORE
STU0072,C006,CORE
STU0072,C007,CORE
STU0073,C001,CORE
STU0073,C002,CORE
STU0073,C003,CORE
STU0073,C004,CORE
STU0073,C005,CORE
STU0073,C006,CORE
STU0073,C007,CORE
STU0074,C001,CORE
STU0074,C002,CORE
STU0074,C003,CORE
STU0074,C004,CORE
STU0074,C005,CORE
STU0074,C006,CORE
STU0074,C007,CORE
STU0075,C001,CORE
STU0075,C002,CORE
STU0075,C003,CORE
STU0075,C004,CORE
STU0075,C005,CORE
STU0075,C006,CORE
STU0075,C007,CORE
STU0076,C001,CORE
STU0076,C002,CORE
STU0076,C003,CORE
STU0076,C004,CORE
STU0076,C005,CORE
STU0076,C006,CORE
STU0076,C007,CORE
STU0077,C001,CORE
STU0077,C002,CORE
STU0077,C003,CORE
STU0077,C004,CORE
STU0077,C005,CORE
STU0077,C006,CORE
STU0077,C007,CORE
STU0078,C001,CORE
STU0078,C002,CORE
STU0078,C003,CORE
STU0078,C004,CORE
STU0078,C005,CORE
STU0078,C006,CORE
STU0078,C007,CORE
STU0079,C001,CORE
STU0079,C002,CORE
STU0079,C003,CORE
STU0079,C004,CORE
STU0079,C005,CORE
STU0079,C006,CORE
STU0079,C007,CORE
STU0080,C001,CORE
STU0080,C002,CORE
STU0080,C003,CORE
STU0080,C004,CORE
STU0080,C005,CORE
STU0080,C006,CORE
STU0080,C007,CORE
STU0081,C001,CORE
STU0081,C002,CORE
STU0081,C003,CORE
STU0081,C004,CORE
STU0081,C005,CORE
STU0081,C006,CORE
STU0081,C007,CORE
STU0082,C001,CORE
STU0082,C002,CORE
STU0082,C003,CORE
STU0082,C004,CORE
STU0082,C005,CORE
STU0082,C006,CORE
STU0082,C007,CORE
STU0083,C001,CORE
STU0083,C002,CORE
STU0083,C003,CORE
STU0083,C004,CORE
STU0083,C005,CORE
STU0083,C006,CORE
STU0083,C007,CORE
STU0084,C001,CORE
STU0084,C002,CORE
STU0084,C003,CORE
STU0084,C004,CORE
STU0084,C005,CORE
STU0084,C006,CORE
STU0084,C007,CORE
STU0085,C001,CORE
STU0085,C002,CORE
STU0085,C003,CORE
STU0085,C004,CORE
STU0085,C005,CORE
STU0085,C006,CORE
STU0085,C007,CORE
STU0086,C001,CORE
STU0086,C002,CORE
STU0086,C003,CORE
STU0086,C004,CORE
STU0086,C005,CORE
STU0086,C006,CORE
STU0086,C007,CORE
STU0087,C001,CORE
STU0087,C002,CORE
STU0087,C003,CORE
STU0087,C004,CORE
STU0087,C005,CORE
STU0087,C006,CORE
STU0087,C007,CORE
STU0088,C001,CORE
STU0088,C002,CORE
STU0088,C003,CORE
STU0088,C004,CORE
STU0088,C005,CORE
STU0088,C006,CORE
STU0088,C007,CORE
STU0089,C001,CORE
STU0089,C002,CORE
STU0089,C003,CORE
STU0089,C004,CORE
STU0089,C005,CORE
STU0089,C006,CORE
STU0089,C007,CORE
STU0090,C001,CORE
STU0090,C002,CORE
STU0090,C003,CORE
STU0090,C004,CORE
STU0090,C005,CORE
STU0090,C006,CORE
STU0090,C007,CORE
STU0091,C001,CORE
STU0091,C002,CORE
STU0091,C003,CORE
STU0091,C004,CORE
STU0091,C005,CORE
STU0091,C006,CORE
STU0091,C007,CORE
STU0092,C001,CORE
STU0092,C002,CORE
STU0092,C003,CORE
STU0092,C004,CORE
STU0092,C005,CORE
STU0092,C006,CORE
STU0092,C007,CORE
STU0093,C001,CORE
STU0093,C002,CORE
STU0093,C003,CORE
STU0093,C004,CORE
STU0093,C005,CORE
STU0093,C006,CORE
STU0093,C007,CORE
STU0094,C001,CORE
STU0094,C002,CORE
STU0094,C003,CORE
STU0094,C004,CORE
STU0094,C005,CORE
STU0094,C006,CORE
STU0094,C007,CORE
STU0095,C001,CORE
STU0095,C002,CORE
STU0095,C003,CORE
STU0095,C004,CORE
STU0095,C005,CORE
STU0095,C006,CORE
STU0095,C007,CORE
STU0096,C001,CORE
STU0096,C002,CORE
STU0096,C003,CORE
STU0096,C004,CORE
STU0096,C005,CORE
STU0096,C006,CORE
STU0096,C007,CORE
STU0097,C001,CORE
STU0097,C002,CORE
STU0097,C003,CORE
STU0097,C004,CORE
STU0097,C005,CORE
STU0097,C006,CORE
STU0097,C007,CORE
STU0098,C001,CORE
STU0098,C002,CORE
STU0098,C003,CORE
STU0098,C004,CORE
STU0098,C005,CORE
STU0098,C006,CORE
STU0098,C007,CORE
STU0099,C001,CORE
STU0099,C002,CORE
STU0099,C003,CORE
STU0099,C004,CORE
STU0099,C005,CORE
STU0099,C006,CORE
STU0099,C007,CORE
STU0100,C001,CORE
STU0100,C002,CORE
STU0100,C003,CORE
STU0100,C004,CORE
STU0100,C005,CORE
STU0100,C006,CORE
STU0100,C007,CORE
STU0101,C001,CORE
STU0101,C002,CORE
STU0101,C003,CORE
STU0101,C004,CORE
STU0101,C005,CORE
STU0101,C006,CORE
STU0101,C007,CORE
STU0102,C001,CORE
STU0102,C002,CORE
STU0102,C003,CORE
STU0102,C004,CORE
STU0102,C005,CORE
STU0102,C006,CORE
STU0102,C007,CORE
STU0103,C001,CORE
STU0103,C002,CORE
STU0103,C003,CORE
STU0103,C004,CORE
STU0103,C005,CORE
STU0103,C006,CORE
STU0103,C007,CORE
STU0104,C001,CORE
STU0104,C002,CORE
STU0104,C003,CORE
STU0104,C004,CORE
STU0104,C005,CORE
STU0104,C006,CORE
STU0104,C007,CORE
STU0105,C001,CORE
STU0105,C002,CORE
STU0105,C003,CORE
STU0105,C004,CORE
STU0105,C005,CORE
STU0105,C006,CORE
STU0105,C007,CORE
STU0106,C001,CORE
STU0106,C002,CORE
STU0106,C003,CORE
STU0106,C004,CORE
STU0106,C005,CORE
STU0106,C006,CORE
STU0106,C007,CORE
STU0107,C001,CORE
STU0107,C002,CORE
STU0107,C003,CORE
STU0107,C004,CORE
STU0107,C005,CORE
STU0107,C006,CORE
STU0107,C007,CORE
STU0108,C001,CORE
STU0108,C002,CORE
STU0108,C003,CORE
STU0108,C004,CORE
STU0108,C005,CORE
STU0108,C006,CORE
STU0108,C007,CORE
STU0109,C001,CORE
STU0109,C002,CORE
STU0109,C003,CORE
STU0109,C004,CORE
STU0109,C005,CORE
STU0109,C006,CORE
STU0109,C007,CORE
STU0110,C001,CORE
STU0110,C002,CORE
STU0110,C003,CORE
STU0110,C004,CORE
STU0110,C005,CORE
STU0110,C006,CORE
STU0110,C007,CORE
STU0111,C001,CORE
STU0111,C002,CORE
STU0111,C003,CORE
STU0111,C004,CORE
STU0111,C005,CORE
STU0111,C006,CORE
STU0111,C007,CORE
STU0112,C001,CORE
STU0112,C002,CORE
STU0112,C003,CORE
STU0112,C004,CORE
STU0112,C005,CORE
STU0112,C006,CORE
STU0112,C007,CORE
STU0113,C001,CORE
STU0113,C002,CORE
STU0113,C003,CORE
STU0113,C004,CORE
STU0113,C005,CORE
STU0113,C006,CORE
STU0113,C007,CORE
STU0114,C001,CORE
STU0114,C002,CORE
STU0114,C003,CORE
STU0114,C004,CORE
STU0114,C005,CORE
STU0114,C006,CORE
STU0114,C007,CORE
STU0115,C001,CORE
STU0115,C002,CORE
STU0115,C003,CORE
STU0115,C004,CORE
STU0115,C005,CORE
STU0115,C006,CORE
STU0115,C007,CORE
STU0116,C001,CORE
STU0116,C002,CORE
STU0116,C003,CORE
STU0116,C004,CORE
STU0116,C005,CORE
STU0116,C006,CORE
STU0116,C007,CORE
STU0117,C001,CORE
STU0117,C002,CORE
STU0117,C003,CORE
STU0117,C004,CORE
STU0117,C005,CORE
STU0117,C006,CORE
STU0117,C007,CORE
STU0118,C001,CORE
STU0118,C002,CORE
STU0118,C003,CORE
STU0118,C004,CORE
STU0118,C005,CORE
STU0118,C006,CORE
STU0118,C007,CORE
STU0119,C001,CORE
STU0119,C002,CORE
STU0119,C003,CORE
STU0119,C004,CORE
STU0119,C005,CORE
STU0119,C006,CORE
STU0119,C007,CORE
STU0120,C001,CORE
STU0120,C002,CORE
STU0120,C003,CORE
STU0120,C004,CORE
STU0120,C005,CORE
STU0120,C006,CORE
STU0120,C007,CORE
STU0121,C001,CORE
STU0121,C002,CORE
STU0121,C003,CORE
STU0121,C004,CORE
STU0121,C005,CORE
STU0121,C006,CORE
STU0121,C007,CORE
STU0122,C001,CORE
STU0122,C002,CORE
STU0122,C003,CORE
STU0122,C004,CORE
STU0122,C005,CORE
STU0122,C006,CORE
STU0122,C007,CORE
STU0123,C001,CORE
STU0123,C002,CORE
STU0123,C003,CORE
STU0123,C004,CORE
STU0123,C005,CORE
STU0123,C006,CORE
STU0123,C007,CORE
STU0124,C001,CORE
STU0124,C002,CORE
STU0124,C003,CORE
STU0124,C004,CORE
STU0124,C005,CORE
STU0124,C006,CORE
STU0124,C007,CORE
STU0125,C001,CORE
STU0125,C002,CORE
STU0125,C003,CORE
STU0125,C004,CORE
STU0125,C005,CORE
STU0125,C006,CORE
STU0125,C007,CORE
STU0126,C001,CORE
STU0126,C002,CORE
STU0126,C003,CORE
STU0126,C004,CORE
STU0126,C005,CORE
STU0126,C006,CORE
STU0126,C007,CORE
STU0127,C001,CORE
STU0127,C002,CORE
STU0127,C003,CORE
STU0127,C004,CORE
STU0127,C005,CORE
STU0127,C006,CORE
STU0127,C007,CORE
STU0128,C001,CORE
STU0128,C002,CORE
STU0128,C003,CORE
STU0128,C004,CORE
STU0128,C005,CORE
STU0128,C006,CORE
STU0128,C007,CORE
STU0129,C001,CORE
STU0129,C002,CORE
STU0129,C003,CORE
STU0129,C004,CORE
STU0129,C005,CORE
STU0129,C006,CORE
STU0129,C007,CORE
STU0130,C001,CORE
STU0130,C002,CORE
STU0130,C003,CORE
STU0130,C004,CORE
STU0130,C005,CORE
STU0130,C006,CORE
STU0130,C007,CORE
STU0131,C001,CORE
STU0131,C002,CORE
STU0131,C003,CORE
STU0131,C004,CORE
STU0131,C005,CORE
STU0131,C006,CORE
STU0131,C007,CORE
STU0132,C001,CORE
STU0132,C002,CORE
STU0132,C003,CORE
STU0132,C004,CORE
STU0132,C005,CORE
STU0132,C006,CORE
STU0132,C007,CORE
STU0133,C001,CORE
STU0133,C002,CORE
STU0133,C003,CORE
STU0133,C004,CORE
STU0133,C005,CORE
STU0133,C006,CORE
STU0133,C007,CORE
STU0134,C001,CORE
STU0134,C002,CORE
STU0134,C003,CORE
STU0134,C004,CORE
STU0134,C005,CORE
STU0134,C006,CORE
STU0134,C007,CORE
STU0135,C001,CORE
STU0135,C002,CORE
STU0135,C003,CORE
STU0135,C004,CORE
STU0135,C005,CORE
STU0135,C006,CORE
STU0135,C007,CORE
STU0136,C001,CORE
STU0136,C002,CORE
STU0136,C003,CORE
STU0136,C004,CORE
STU0136,C005,CORE
STU0136,C006,CORE
STU0136,C007,CORE
STU0137,C001,CORE
STU0137,C002,CORE
STU0137,C003,CORE
STU0137,C004,CORE
STU0137,C005,CORE
STU0137,C006,CORE
STU0137,C007,CORE
STU0138,C001,CORE
STU0138,C002,CORE
STU0138,C003,CORE
STU0138,C004,CORE
STU0138,C005,CORE
STU0138,C006,CORE
STU0138,C007,CORE
STU0139,C001,CORE
STU0139,C002,CORE
STU0139,C003,CORE
STU0139,C004,CORE
STU0139,C005,CORE
STU0139,C006,CORE
STU0139,C007,CORE
STU0140,C001,CORE
STU0140,C002,CORE
STU0140,C003,CORE
STU0140,C004,CORE
STU0140,C005,CORE
STU0140,C006,CORE
STU0140,C007,CORE
STU0141,C001,CORE
STU0141,C002,CORE
STU0141,C003,CORE
STU0141,C004,CORE
STU0141,C005,CORE
STU0141,C006,CORE
STU0141,C007,CORE
STU0142,C001,CORE
STU0142,C002,CORE
STU0142,C003,CORE
STU0142,C004,CORE
STU0142,C005,CORE
STU0142,C006,CORE
STU0142,C007,CORE
STU0143,C001,CORE
STU0143,C002,CORE
STU0143,C003,CORE
STU0143,C004,CORE
STU0143,C005,CORE
STU0143,C006,CORE
STU0143,C007,CORE
STU0144,C001,CORE
STU0144,C002,CORE
STU0144,C003,CORE
STU0144,C004,CORE
STU0144,C005,CORE
STU0144,C006,CORE
STU0144,C007,CORE
STU0145,C001,CORE
STU0145,C002,CORE
STU0145,C003,CORE
STU0145,C004,CORE
STU0145,C005,CORE
STU0145,C006,CORE
STU0145,C007,CORE
STU0146,C001,CORE
STU0146,C002,CORE
STU0146,C003,CORE
STU0146,C004,CORE
STU0146,C005,CORE
STU0146,C006,CORE
STU0146,C007,CORE
STU0147,C001,CORE
STU0147,C002,CORE
STU0147,C003,CORE
STU0147,C004,CORE
STU0147,C005,CORE
STU0147,C006,CORE
STU0147,C007,CORE
STU0148,C001,CORE
STU0148,C002,CORE
STU0148,C003,CORE
STU0148,C004,CORE
STU0148,C005,CORE
STU0148,C006,CORE
STU0148,C007,CORE
STU0149,C001,CORE
STU0149,C002,CORE
STU0149,C003,CORE
STU0149,C004,CORE
STU0149,C005,CORE
STU0149,C006,CORE
STU0149,C007,CORE
STU0150,C001,CORE
STU0150,C002,CORE
STU0150,C003,CORE
STU0150,C004,CORE
STU0150,C005,CORE
STU0150,C006,CORE
STU0150,C007,CORE
STU0151,C001,CORE
STU0151,C002,CORE
STU0151,C003,CORE
STU0151,C004,CORE
STU0151,C005,CORE
STU0151,C006,CORE
STU0151,C007,CORE
STU0152,C001,CORE
STU0152,C002,CORE
STU0152,C003,CORE
STU0152,C004,CORE
STU0152,C005,CORE
STU0152,C006,CORE
STU0152,C007,CORE
STU0153,C001,CORE
STU0153,C002,CORE
STU0153,C003,CORE
STU0153,C004,CORE
STU0153,C005,CORE
STU0153,C006,CORE
STU0153,C007,CORE
STU0154,C001,CORE
STU0154,C002,CORE
STU0154,C003,CORE
STU0154,C004,CORE
STU0154,C005,CORE
STU0154,C006,CORE
STU0154,C007,CORE
STU0155,C001,CORE
STU0155,C002,CORE
STU0155,C003,CORE
STU0155,C004,CORE
STU0155,C005,CORE
STU0155,C006,CORE
STU0155,C007,CORE
STU0156,C001,CORE
STU0156,C002,CORE
STU0156,C003,CORE
STU0156,C004,CORE
STU0156,C005,CORE
STU0156,C006,CORE
STU0156,C007,CORE
STU0157,C001,CORE
STU0157,C002,CORE
STU0157,C003,CORE
STU0157,C004,CORE
STU0157,C005,CORE
STU0157,C006,CORE
STU0157,C007,CORE
STU0158,C001,CORE
STU0158,C002,CORE
STU0158,C003,CORE
STU0158,C004,CORE
STU0158,C005,CORE
STU0158,C006,CORE
STU0158,C007,CORE
STU0159,C001,CORE
STU0159,C002,CORE
STU0159,C003,CORE
STU0159,C004,CORE
STU0159,C005,CORE
STU0159,C006,CORE
STU0159,C007,CORE
STU0160,C001,CORE
STU0160,C002,CORE
STU0160,C003,CORE
STU0160,C004,CORE
STU0160,C005,CORE
STU0160,C006,CORE
STU0160,C007,CORE
STU0161,C001,CORE
STU0161,C002,CORE
STU0161,C003,CORE
STU0161,C004,CORE
STU0161,C005,CORE
STU0161,C006,CORE
STU0161,C007,CORE
STU0162,C001,CORE
STU0162,C002,CORE
STU0162,C003,CORE
STU0162,C004,CORE
STU0162,C005,CORE
STU0162,C006,CORE
STU0162,C007,CORE
STU0163,C001,CORE
STU0163,C002,CORE
STU0163,C003,CORE
STU0163,C004,CORE
STU0163,C005,CORE
STU0163,C006,CORE
STU0163,C007,CORE
STU0164,C001,CORE
STU0164,C002,CORE
STU0164,C003,CORE
STU0164,C004,CORE
STU0164,C005,CORE
STU0164,C006,CORE
STU0164,C007,CORE
STU0165,C001,CORE
STU0165,C002,CORE
STU0165,C003,CORE
STU0165,C004,CORE
STU0165,C005,CORE
STU0165,C006,CORE
STU0165,C007,CORE
STU0166,C001,CORE
STU0166,C002,CORE
STU0166,C003,CORE
STU0166,C004,CORE
STU0166,C005,CORE
STU0166,C006,CORE
STU0166,C007,CORE
STU0167,C001,CORE
STU0167,C002,CORE
STU0167,C003,CORE
STU0167,C004,CORE
STU0167,C005,CORE
STU0167,C006,CORE
STU0167,C007,CORE
STU0168,C001,CORE
STU0168,C002,CORE
STU0168,C003,CORE
STU0168,C004,CORE
STU0168,C005,CORE
STU0168,C006,CORE
STU0168,C007,CORE
STU0169,C001,CORE
STU0169,C002,CORE
STU0169,C003,CORE
STU0169,C004,CORE
STU0169,C005,CORE
STU0169,C006,CORE
STU0169,C007,CORE
STU0170,C001,CORE
STU0170,C002,CORE
STU0170,C003,CORE
STU0170,C004,CORE
STU0170,C005,CORE
STU0170,C006,CORE
STU0170,C007,CORE
STU0171,C001,CORE
STU0171,C002,CORE
STU0171,C003,CORE
STU0171,C004,CORE
STU0171,C005,CORE
STU0171,C006,CORE
STU0171,C007,CORE
STU0172,C001,CORE
STU0172,C002,CORE
STU0172,C003,CORE
STU0172,C004,CORE
STU0172,C005,CORE
STU0172,C006,CORE
STU0172,C007,CORE
STU0173,C001,CORE
STU0173,C002,CORE
STU0173,C003,CORE
STU0173,C004,CORE
STU0173,C005,CORE
STU0173,C006,CORE
STU0173,C007,CORE
STU0174,C001,CORE
STU0174,C002,CORE
STU0174,C003,CORE
STU0174,C004,CORE
STU0174,C005,CORE
STU0174,C006,CORE
STU0174,C007,CORE
STU0175,C001,CORE
STU0175,C002,CORE
STU0175,C003,CORE
STU0175,C004,CORE
STU0175,C005,CORE
STU0175,C006,CORE
STU0175,C007,CORE
STU0176,C001,CORE
STU0176,C002,CORE
STU0176,C003,CORE
STU0176,C004,CORE
STU0176,C005,CORE
STU0176,C006,CORE
STU0176,C007,CORE
STU0177,C001,CORE
STU0177,C002,CORE
STU0177,C003,CORE
STU0177,C004,CORE
STU0177,C005,CORE
STU0177,C006,CORE
STU0177,C007,CORE
STU0178,C001,CORE
STU0178,C002,CORE
STU0178,C003,CORE
STU0178,C004,CORE
STU0178,C005,CORE
STU0178,C006,CORE
STU0178,C007,CORE
STU0179,C001,CORE
STU0179,C002,CORE
STU0179,C003,CORE
STU0179,C004,CORE
STU0179,C005,CORE
STU0179,C006,CORE
STU0179,C007,CORE
STU0180,C001,CORE
STU0180,C002,CORE
STU0180,C003,CORE
STU0180,C004,CORE
STU0180,C005,CORE
STU0180,C006,CORE
STU0180,C007,CORE
STU0181,C001,CORE
STU0181,C002,CORE
STU0181,C003,CORE
STU0181,C004,CORE
STU0181,C005,CORE
STU0181,C006,CORE
STU0181,C007,CORE
STU0182,C001,CORE
STU0182,C002,CORE
STU0182,C003,CORE
STU0182,C004,CORE
STU0182,C005,CORE
STU0182,C006,CORE
STU0182,C007,CORE
STU0183,C001,CORE
STU0183,C002,CORE
STU0183,C003,CORE
STU0183,C004,CORE
STU0183,C005,CORE
STU0183,C006,CORE
STU0183,C007,CORE
STU0184,C001,CORE
STU0184,C002,CORE
STU0184,C003,CORE
STU0184,C004,CORE
STU0184,C005,CORE
STU0184,C006,CORE
STU0184,C007,CORE
STU0185,C001,CORE
STU0185,C002,CORE
STU0185,C003,CORE
STU0185,C004,CORE
STU0185,C005,CORE
STU0185,C006,CORE
STU0185,C007,CORE
STU0186,C001,CORE
STU0186,C002,CORE
STU0186,C003,CORE
STU0186,C004,CORE
STU0186,C005,CORE
STU0186,C006,CORE
STU0186,C007,CORE
STU0187,C001,CORE
STU0187,C002,CORE
STU0187,C003,CORE
STU0187,C004,CORE
STU0187,C005,CORE
STU0187,C006,CORE
STU0187,C007,CORE
STU0188,C001,CORE
STU0188,C002,CORE
STU0188,C003,CORE
STU0188,C004,CORE
STU0188,C005,CORE
STU0188,C006,CORE
STU0188,C007,CORE
STU0189,C001,CORE
STU0189,C002,CORE
STU0189,C003,CORE
STU0189,C004,CORE
STU0189,C005,CORE
STU0189,C006,CORE
STU0189,C007,CORE
STU0190,C001,CORE
STU0190,C002,CORE
STU0190,C003,CORE
STU0190,C004,CORE
STU0190,C005,CORE
STU0190,C006,CORE
STU0190,C007,CORE
STU0191,C001,CORE
STU0191,C002,CORE
STU0191,C003,CORE
STU0191,C004,CORE
STU0191,C005,CORE
STU0191,C006,CORE
STU0191,C007,CORE
STU0192,C001,CORE
STU0192,C002,CORE
STU0192,C003,CORE
STU0192,C004,CORE
STU0192,C005,CORE
STU0192,C006,CORE
STU0192,C007,CORE
STU0193,C001,CORE
STU0193,C002,CORE
STU0193,C003,CORE
STU0193,C004,CORE
STU0193,C005,CORE
STU0193,C006,CORE
STU0193,C007,CORE
STU0194,C001,CORE
STU0194,C002,CORE
STU0194,C003,CORE
STU0194,C004,CORE
STU0194,C005,CORE
STU0194,C006,CORE
STU0194,C007,CORE
STU0195,C001,CORE
STU0195,C002,CORE
STU0195,C003,CORE
STU0195,C004,CORE
STU0195,C005,CORE
STU0195,C006,CORE
STU0195,C007,CORE
STU0196,C001,CORE
STU0196,C002,CORE
STU0196,C003,CORE
STU0196,C004,CORE
STU0196,C005,CORE
STU0196,C006,CORE
STU0196,C007,CORE
STU0197,C001,CORE
STU0197,C002,CORE
STU0197,C003,CORE
STU0197,C004,CORE
STU0197,C005,CORE
STU0197,C006,CORE
STU0197,C007,CORE
STU0198,C001,CORE
STU0198,C002,CORE
STU0198,C003,CORE
STU0198,C004,CORE
STU0198,C005,CORE
STU0198,C006,CORE
STU0198,C007,CORE
STU0199,C001,CORE
STU0199,C002,CORE
STU0199,C003,CORE
STU0199,C004,CORE
STU0199,C005,CORE
STU0199,C006,CORE
STU0199,C007,CORE
STU0200,C001,CORE
STU0200,C002,CORE
STU0200,C003,CORE
STU0200,C004,CORE
STU0200,C005,CORE
STU0200,C006,CORE
STU0200,C007,CORE
STU0201,C001,CORE
STU0201,C002,CORE
STU0201,C003,CORE
STU0201,C004,CORE
STU0201,C005,CORE
STU0201,C006,CORE
STU0201,C007,CORE
STU0202,C001,CORE
STU0202,C002,CORE
STU0202,C003,CORE
STU0202,C004,CORE
STU0202,C005,CORE
STU0202,C006,CORE
STU0202,C007,CORE
STU0203,C001,CORE
STU0203,C002,CORE
STU0203,C003,CORE
STU0203,C004,CORE
STU0203,C005,CORE
STU0203,C006,CORE
STU0203,C007,CORE
STU0204,C001,CORE
STU0204,C002,CORE
STU0204,C003,CORE
STU0204,C004,CORE
STU0204,C005,CORE
STU0204,C006,CORE
STU0204,C007,CORE
STU0205,C001,CORE
STU0205,C002,CORE
STU0205,C003,CORE
STU0205,C004,CORE
STU0205,C005,CORE
STU0205,C006,CORE
STU0205,C007,CORE
STU0206,C001,CORE
STU0206,C002,CORE
STU0206,C003,CORE
STU0206,C004,CORE
STU0206,C005,CORE
STU0206,C006,CORE
STU0206,C007,CORE
STU0207,C001,CORE
STU0207,C002,CORE
STU0207,C003,CORE
STU0207,C004,CORE
STU0207,C005,CORE
STU0207,C006,CORE
STU0207,C007,CORE
STU0208,C001,CORE
STU0208,C002,CORE
STU0208,C003,CORE
STU0208,C004,CORE
STU0208,C005,CORE
STU0208,C006,CORE
STU0208,C007,CORE
STU0209,C001,CORE
STU0209,C002,CORE
STU0209,C003,CORE
STU0209,C004,CORE
STU0209,C005,CORE
STU0209,C006,CORE
STU0209,C007,CORE
STU0210,C001,CORE
STU0210,C002,CORE
STU0210,C003,CORE
STU0210,C004,CORE
STU0210,C005,CORE
STU0210,C006,CORE
STU0210,C007,CORE
STU0211,C001,CORE
STU0211,C002,CORE
STU0211,C003,CORE
STU0211,C004,CORE
STU0211,C005,CORE
STU0211,C006,CORE
STU0211,C007,CORE
STU0212,C001,CORE
STU0212,C002,CORE
STU0212,C003,CORE
STU0212,C004,CORE
STU0212,C005,CORE
STU0212,C006,CORE
STU0212,C007,CORE
STU0213,C001,CORE
STU0213,C002,CORE
STU0213,C003,CORE
STU0213,C004,CORE
STU0213,C005,CORE
STU0213,C006,CORE
STU0213,C007,CORE
STU0214,C001,CORE
STU0214,C002,CORE
STU0214,C003,CORE
STU0214,C004,CORE
STU0214,C005,CORE
STU0214,C006,CORE
STU0214,C007,CORE
STU0215,C001,CORE
STU0215,C002,CORE
STU0215,C003,CORE
STU0215,C004,CORE
STU0215,C005,CORE
STU0215,C006,CORE
STU0215,C007,CORE
STU0216,C001,CORE
STU0216,C002,CORE
STU0216,C003,CORE
STU0216,C004,CORE
STU0216,C005,CORE
STU0216,C006,CORE
STU0216,C007,CORE
STU0217,C001,CORE
STU0217,C002,CORE
STU0217,C003,CORE
STU0217,C004,CORE
STU0217,C005,CORE
STU0217,C006,CORE
STU0217,C007,CORE
STU0218,C001,CORE
STU0218,C002,CORE
STU0218,C003,CORE
STU0218,C004,CORE
STU0218,C005,CORE
STU0218,C006,CORE
STU0218,C007,CORE
STU0219,C001,CORE
STU0219,C002,CORE
STU0219,C003,CORE
STU0219,C004,CORE
STU0219,C005,CORE
STU0219,C006,CORE
STU0219,C007,CORE
STU0220,C001,CORE
STU0220,C002,CORE
STU0220,C003,CORE
STU0220,C004,CORE
STU0220,C005,CORE
STU0220,C006,CORE
STU0220,C007,CORE
STU0221,C001,CORE
STU0221,C002,CORE
STU0221,C003,CORE
STU0221,C004,CORE
STU0221,C005,CORE
STU0221,C006,CORE
STU0221,C007,CORE
STU0222,C001,CORE
STU0222,C002,CORE
STU0222,C003,CORE
STU0222,C004,CORE
STU0222,C005,CORE
STU0222,C006,CORE
STU0222,C007,CORE
STU0223,C001,CORE
STU0223,C002,CORE
STU0223,C003,CORE
STU0223,C004,CORE
STU0223,C005,CORE
STU0223,C006,CORE
STU0223,C007,CORE
STU0224,C001,CORE
STU0224,C002,CORE
STU0224,C003,CORE
STU0224,C004,CORE
STU0224,C005,CORE
STU0224,C006,CORE
STU0224,C007,CORE
STU0225,C001,CORE
STU0225,C002,CORE
STU0225,C003,CORE
STU0225,C004,CORE
STU0225,C005,CORE
STU0225,C006,CORE
STU0225,C007,CORE
STU0226,C001,CORE
STU0226,C002,CORE
STU0226,C003,CORE
STU0226,C004,CORE
STU0226,C005,CORE
STU0226,C006,CORE
STU0226,C007,CORE
STU0227,C001,CORE
STU0227,C002,CORE
STU0227,C003,CORE
STU0227,C004,CORE
STU0227,C005,CORE
STU0227,C006,CORE
STU0227,C007,CORE
STU0228,C001,CORE
STU0228,C002,CORE
STU0228,C003,CORE
STU0228,C004,CORE
STU0228,C005,CORE
STU0228,C006,CORE
STU0228,C007,CORE
STU0229,C001,CORE
STU0229,C002,CORE
STU0229,C003,CORE
STU0229,C004,CORE
STU0229,C005,CORE
STU0229,C006,CORE
STU0229,C007,CORE
STU0230,C001,CORE
STU0230,C002,CORE
STU0230,C003,CORE
STU0230,C004,CORE
STU0230,C005,CORE
STU0230,C006,CORE
STU0230,C007,CORE
STU0231,C001,CORE
STU0231,C002,CORE
STU0231,C003,CORE
STU0231,C004,CORE
STU0231,C005,CORE
STU0231,C006,CORE
STU0231,C007,CORE
STU0232,C001,CORE
STU0232,C002,CORE
STU0232,C003,CORE
STU0232,C004,CORE
STU0232,C005,CORE
STU0232,C006,CORE
STU0232,C007,CORE
STU0233,C001,CORE
STU0233,C002,CORE
STU0233,C003,CORE
STU0233,C004,CORE
STU0233,C005,CORE
STU0233,C006,CORE
STU0233,C007,CORE
STU0234,C001,CORE
STU0234,C002,CORE
STU0234,C003,CORE
STU0234,C004,CORE
STU0234,C005,CORE
STU0234,C006,CORE
STU0234,C007,CORE
STU0235,C001,CORE
STU0235,C002,CORE
STU0235,C003,CORE
STU0235,C004,CORE
STU0235,C005,CORE
STU0235,C006,CORE
STU0235,C007,CORE
STU0236,C001,CORE
STU0236,C002,CORE
STU0236,C003,CORE
STU0236,C004,CORE
STU0236,C005,CORE
STU0236,C006,CORE
STU0236,C007,CORE
STU0237,C001,CORE
STU0237,C002,CORE
STU0237,C003,CORE
STU0237,C004,CORE
STU0237,C005,CORE
STU0237,C006,CORE
STU0237,C007,CORE
STU0238,C001,CORE
STU0238,C002,CORE
STU0238,C003,CORE
STU0238,C004,CORE
STU0238,C005,CORE
STU0238,C006,CORE
STU0238,C007,CORE
STU0239,C001,CORE
STU0239,C002,CORE
STU0239,C003,CORE
STU0239,C004,CORE
STU0239,C005,CORE
STU0239,C006,CORE
STU0239,C007,CORE
STU0240,C001,CORE
STU0240,C002,CORE
STU0240,C003,CORE
STU0240,C004,CORE
STU0240,C005,CORE
STU0240,C006,CORE
STU0240,C007,CORE
STU0241,C001,CORE
STU0241,C002,CORE
STU0241,C003,CORE
STU0241,C004,CORE
STU0241,C005,CORE
STU0241,C006,CORE
STU0241,C007,CORE
STU0242,C001,CORE
STU0242,C002,CORE
STU0242,C003,CORE
STU0242,C004,CORE
STU0242,C005,CORE
STU0242,C006,CORE
STU0242,C007,CORE
STU0243,C001,CORE
STU0243,C002,CORE
STU0243,C003,CORE
STU0243,C004,CORE
STU0243,C005,CORE
STU0243,C006,CORE
STU0243,C007,CORE
STU0244,C001,CORE
STU0244,C002,CORE
STU0244,C003,CORE
STU0244,C004,CORE
STU0244,C005,CORE
STU0244,C006,CORE
STU0244,C007,CORE
STU0245,C001,CORE
STU0245,C002,CORE
STU0245,C003,CORE
STU0245,C004,CORE
STU0245,C005,CORE
STU0245,C006,CORE
STU0245,C007,CORE
STU0246,C001,CORE
STU0246,C002,CORE
STU0246,C003,CORE
STU0246,C004,CORE
STU0246,C005,CORE
STU0246,C006,CORE
STU0246,C007,CORE
STU0247,C001,CORE
STU0247,C002,CORE
STU0247,C003,CORE
STU0247,C004,CORE
STU0247,C005,CORE
STU0247,C006,CORE
STU0247,C007,CORE
STU0248,C001,CORE
STU0248,C002,CORE
STU0248,C003,CORE
STU0248,C004,CORE
STU0248,C005,CORE
STU0248,C006,CORE
STU0248,C007,CORE
STU0249,C001,CORE
STU0249,C002,CORE
STU0249,C003,CORE
STU0249,C004,CORE
STU0249,C005,CORE
STU0249,C006,CORE
STU0249,C007,CORE
STU0250,C001,CORE
STU0250,C002,CORE
STU0250,C003,CORE
STU0250,C004,CORE
STU0250,C005,CORE
STU0250,C006,CORE
STU0250,C007,CORE
STU0251,C008,CORE
STU0251,C009,CORE
STU0251,C010,CORE
STU0251,C011,CORE
STU0251,C012,CORE
STU0251,C013,CORE
STU0252,C008,CORE
STU0252,C009,CORE
STU0252,C010,CORE
STU0252,C011,CORE
STU0252,C012,CORE
STU0252,C013,CORE
STU0253,C008,CORE
STU0253,C009,CORE
STU0253,C010,CORE
STU0253,C011,CORE
STU0253,C012,CORE
STU0253,C013,CORE
STU0254,C008,CORE
STU0254,C009,CORE
STU0254,C010,CORE
STU0254,C011,CORE
STU0254,C012,CORE
STU0254,C013,CORE
STU0255,C008,CORE
STU0255,C009,CORE
STU0255,C010,CORE
STU0255,C011,CORE
STU0255,C012,CORE
STU0255,C013,CORE
STU0256,C008,CORE
STU0256,C009,CORE
STU0256,C010,CORE
STU0256,C011,CORE
STU0256,C012,CORE
STU0256,C013,CORE
STU0257,C008,CORE
STU0257,C009,CORE
STU0257,C010,CORE
STU0257,C011,CORE
STU0257,C012,CORE
STU0257,C013,CORE
STU0258,C008,CORE
STU0258,C009,CORE
STU0258,C010,CORE
STU0258,C011,CORE
STU0258,C012,CORE
STU0258,C013,CORE
STU0259,C008,CORE
STU0259,C009,CORE
STU0259,C010,CORE
STU0259,C011,CORE
STU0259,C012,CORE
STU0259,C013,CORE
STU0260,C008,CORE
STU0260,C009,CORE
STU0260,C010,CORE
STU0260,C011,CORE
STU0260,C012,CORE
STU0260,C013,CORE
STU0261,C008,CORE
STU0261,C009,CORE
STU0261,C010,CORE
STU0261,C011,CORE
STU0261,C012,CORE
STU0261,C013,CORE
STU0262,C008,CORE
STU0262,C009,CORE
STU0262,C010,CORE
STU0262,C011,CORE
STU0262,C012,CORE
STU0262,C013,CORE
STU0263,C008,CORE
STU0263,C009,CORE
STU0263,C010,CORE
STU0263,C011,CORE
STU0263,C012,CORE
STU0263,C013,CORE
STU0264,C008,CORE
STU0264,C009,CORE
STU0264,C010,CORE
STU0264,C011,CORE
STU0264,C012,CORE
STU0264,C013,CORE
STU0265,C008,CORE
STU0265,C009,CORE
STU0265,C010,CORE
STU0265,C011,CORE
STU0265,C012,CORE
STU0265,C013,CORE
STU0266,C008,CORE
STU0266,C009,CORE
STU0266,C010,CORE
STU0266,C011,CORE
STU0266,C012,CORE
STU0266,C013,CORE
STU0267,C008,CORE
STU0267,C009,CORE
STU0267,C010,CORE
STU0267,C011,CORE
STU0267,C012,CORE
STU0267,C013,CORE
STU0268,C008,CORE
STU0268,C009,CORE
STU0268,C010,CORE
STU0268,C011,CORE
STU0268,C012,CORE
STU0268,C013,CORE
STU0269,C008,CORE
STU0269,C009,CORE
STU0269,C010,CORE
STU0269,C011,CORE
STU0269,C012,CORE
STU0269,C013,CORE
STU0270,C008,CORE
STU0270,C009,CORE
STU0270,C010,CORE
STU0270,C011,CORE
STU0270,C012,CORE
STU0270,C013,CORE
STU0271,C008,CORE
STU0271,C009,CORE
STU0271,C010,CORE
STU0271,C011,CORE
STU0271,C012,CORE
STU0271,C013,CORE
STU0272,C008,CORE
STU0272,C009,CORE
STU0272,C010,CORE
STU0272,C011,CORE
STU0272,C012,CORE
STU0272,C013,CORE
STU0273,C008,CORE
STU0273,C009,CORE
STU0273,C010,CORE
STU0273,C011,CORE
STU0273,C012,CORE
STU0273,C013,CORE
STU0274,C008,CORE
STU0274,C009,CORE
STU0274,C010,CORE
STU0274,C011,CORE
STU0274,C012,CORE
STU0274,C013,CORE
STU0275,C008,CORE
STU0275,C009,CORE
STU0275,C010,CORE
STU0275,C011,CORE
STU0275,C012,CORE
STU0275,C013,CORE
STU0276,C008,CORE
STU0276,C009,CORE
STU0276,C010,CORE
STU0276,C011,CORE
STU0276,C012,CORE
STU0276,C013,CORE
STU0277,C008,CORE
STU0277,C009,CORE
STU0277,C010,CORE
STU0277,C011,CORE
STU0277,C012,CORE
STU0277,C013,CORE
STU0278,C008,CORE
STU0278,C009,CORE
STU0278,C010,CORE
STU0278,C011,CORE
STU0278,C012,CORE
STU0278,C013,CORE
STU0279,C008,CORE
STU0279,C009,CORE
STU0279,C010,CORE
STU0279,C011,CORE
STU0279,C012,CORE
STU0279,C013,CORE
STU0280,C008,CORE
STU0280,C009,CORE
STU0280,C010,CORE
STU0280,C011,CORE
STU0280,C012,CORE
STU0280,C013,CORE
STU0281,C008,CORE
STU0281,C009,CORE
STU0281,C010,CORE
STU0281,C011,CORE
STU0281,C012,CORE
STU0281,C013,CORE
STU0282,C008,CORE
STU0282,C009,CORE
STU0282,C010,CORE
STU0282,C011,CORE
STU0282,C012,CORE
STU0282,C013,CORE
STU0283,C008,CORE
STU0283,C009,CORE
STU0283,C010,CORE
STU0283,C011,CORE
STU0283,C012,CORE
STU0283,C013,CORE
STU0284,C008,CORE
STU0284,C009,CORE
STU0284,C010,CORE
STU0284,C011,CORE
STU0284,C012,CORE
STU0284,C013,CORE
STU0285,C008,CORE
STU0285,C009,CORE
STU0285,C010,CORE
STU0285,C011,CORE
STU0285,C012,CORE
STU0285,C013,CORE
STU0286,C008,CORE
STU0286,C009,CORE
STU0286,C010,CORE
STU0286,C011,CORE
STU0286,C012,CORE
STU0286,C013,CORE
STU0287,C008,CORE
STU0287,C009,CORE
STU0287,C010,CORE
STU0287,C011,CORE
STU0287,C012,CORE
STU0287,C013,CORE
STU0288,C008,CORE
STU0288,C009,CORE
STU0288,C010,CORE
STU0288,C011,CORE
STU0288,C012,CORE
STU0288,C013,CORE
STU0289,C008,CORE
STU0289,C009,CORE
STU0289,C010,CORE
STU0289,C011,CORE
STU0289,C012,CORE
STU0289,C013,CORE
STU0290,C008,CORE
STU0290,C009,CORE
STU0290,C010,CORE
STU0290,C011,CORE
STU0290,C012,CORE
STU0290,C013,CORE
STU0291,C008,CORE
STU0291,C009,CORE
STU0291,C010,CORE
STU0291,C011,CORE
STU0291,C012,CORE
STU0291,C013,CORE
STU0292,C008,CORE
STU0292,C009,CORE
STU0292,C010,CORE
STU0292,C011,CORE
STU0292,C012,CORE
STU0292,C013,CORE
STU0293,C008,CORE
STU0293,C009,CORE
STU0293,C010,CORE
STU0293,C011,CORE
STU0293,C012,CORE
STU0293,C013,CORE
STU0294,C008,CORE
STU0294,C009,CORE
STU0294,C010,CORE
STU0294,C011,CORE
STU0294,C012,CORE
STU0294,C013,CORE
STU0295,C008,CORE
STU0295,C009,CORE
STU0295,C010,CORE
STU0295,C011,CORE
STU0295,C012,CORE
STU0295,C013,CORE
STU0296,C008,CORE
STU0296,C009,CORE
STU0296,C010,CORE
STU0296,C011,CORE
STU0296,C012,CORE
STU0296,C013,CORE
STU0297,C008,CORE
STU0297,C009,CORE
STU0297,C010,CORE
STU0297,C011,CORE
STU0297,C012,CORE
STU0297,C013,CORE
STU0298,C008,CORE
STU0298,C009,CORE
STU0298,C010,CORE
STU0298,C011,CORE
STU0298,C012,CORE
STU0298,C013,CORE
STU0299,C008,CORE
STU0299,C009,CORE
STU0299,C010,CORE
STU0299,C011,CORE
STU0299,C012,CORE
STU0299,C013,CORE
STU0300,C008,CORE
STU0300,C009,CORE
STU0300,C010,CORE
STU0300,C011,CORE
STU0300,C012,CORE
STU0300,C013,CORE
STU0301,C008,CORE
STU0301,C009,CORE
STU0301,C010,CORE
STU0301,C011,CORE
STU0301,C012,CORE
STU0301,C013,CORE
STU0302,C008,CORE
STU0302,C009,CORE
STU0302,C010,CORE
STU0302,C011,CORE
STU0302,C012,CORE
STU0302,C013,CORE
STU0303,C008,CORE
STU0303,C009,CORE
STU0303,C010,CORE
STU0303,C011,CORE
STU0303,C012,CORE
STU0303,C013,CORE
STU0304,C008,CORE
STU0304,C009,CORE
STU0304,C010,CORE
STU0304,C011,CORE
STU0304,C012,CORE
STU0304,C013,CORE
STU0305,C008,CORE
STU0305,C009,CORE
STU0305,C010,CORE
STU0305,C011,CORE
STU0305,C012,CORE
STU0305,C013,CORE
STU0306,C008,CORE
STU0306,C009,CORE
STU0306,C010,CORE
STU0306,C011,CORE
STU0306,C012,CORE
STU0306,C013,CORE
STU0307,C008,CORE
STU0307,C009,CORE
STU0307,C010,CORE
STU0307,C011,CORE
STU0307,C012,CORE
STU0307,C013,CORE
STU0308,C008,CORE
STU0308,C009,CORE
STU0308,C010,CORE
STU0308,C011,CORE
STU0308,C012,CORE
STU0308,C013,CORE
STU0309,C008,CORE
STU0309,C009,CORE
STU0309,C010,CORE
STU0309,C011,CORE
STU0309,C012,CORE
STU0309,C013,CORE
STU0310,C008,CORE
STU0310,C009,CORE
STU0310,C010,CORE
STU0310,C011,CORE
STU0310,C012,CORE
STU0310,C013,CORE
STU0311,C008,CORE
STU0311,C009,CORE
STU0311,C010,CORE
STU0311,C011,CORE
STU0311,C012,CORE
STU0311,C013,CORE
STU0312,C008,CORE
STU0312,C009,CORE
STU0312,C010,CORE
STU0312,C011,CORE
STU0312,C012,CORE
STU0312,C013,CORE
STU0313,C008,CORE
STU0313,C009,CORE
STU0313,C010,CORE
STU0313,C011,CORE
STU0313,C012,CORE
STU0313,C013,CORE
STU0314,C008,CORE
STU0314,C009,CORE
STU0314,C010,CORE
STU0314,C011,CORE
STU0314,C012,CORE
STU0314,C013,CORE
STU0315,C008,CORE
STU0315,C009,CORE
STU0315,C010,CORE
STU0315,C011,CORE
STU0315,C012,CORE
STU0315,C013,CORE
STU0316,C008,CORE
STU0316,C009,CORE
STU0316,C021,CORE
STU0316,C022,CORE
STU0316,C023,CORE
STU0316,C024,CORE
STU0317,C008,CORE
STU0317,C009,CORE
STU0317,C021,CORE
STU0317,C022,CORE
STU0317,C023,CORE
STU0317,C024,CORE
STU0318,C008,CORE
STU0318,C009,CORE
STU0318,C021,CORE
STU0318,C022,CORE
STU0318,C023,CORE
STU0318,C024,CORE
STU0319,C008,CORE
STU0319,C009,CORE
STU0319,C021,CORE
STU0319,C022,CORE
STU0319,C023,CORE
STU0319,C024,CORE
STU0320,C008,CORE
STU0320,C009,CORE
STU0320,C021,CORE
STU0320,C022,CORE
STU0320,C023,CORE
STU0320,C024,CORE
STU0321,C008,CORE
STU0321,C009,CORE
STU0321,C021,CORE
STU0321,C022,CORE
STU0321,C023,CORE
STU0321,C024,CORE
STU0322,C008,CORE
STU0322,C009,CORE
STU0322,C021,CORE
STU0322,C022,CORE
STU0322,C023,CORE
STU0322,C024,CORE
STU0323,C008,CORE
STU0323,C009,CORE
STU0323,C021,CORE
STU0323,C022,CORE
STU0323,C023,CORE
STU0323,C024,CORE
STU0324,C008,CORE
STU0324,C009,CORE
STU0324,C021,CORE
STU0324,C022,CORE
STU0324,C023,CORE
STU0324,C024,CORE
STU0325,C008,CORE
STU0325,C009,CORE
STU0325,C021,CORE
STU0325,C022,CORE
STU0325,C023,CORE
STU0325,C024,CORE
STU0326,C008,CORE
STU0326,C009,CORE
STU0326,C021,CORE
STU0326,C022,CORE
STU0326,C023,CORE
STU0326,C024,CORE
STU0327,C008,CORE
STU0327,C009,CORE
STU0327,C021,CORE
STU0327,C022,CORE
STU0327,C023,CORE
STU0327,C024,CORE
STU0328,C008,CORE
STU0328,C009,CORE
STU0328,C021,CORE
STU0328,C022,CORE
STU0328,C023,CORE
STU0328,C024,CORE
STU0329,C008,CORE
STU0329,C009,CORE
STU0329,C021,CORE
STU0329,C022,CORE
STU0329,C023,CORE
STU0329,C024,CORE
STU0330,C008,CORE
STU0330,C009,CORE
STU0330,C021,CORE
STU0330,C022,CORE
STU0330,C023,CORE
STU0330,C024,CORE
STU0331,C008,CORE
STU0331,C009,CORE
STU0331,C021,CORE
STU0331,C022,CORE
STU0331,C023,CORE
STU0331,C024,CORE
STU0332,C008,CORE
STU0332,C009,CORE
STU0332,C021,CORE
STU0332,C022,CORE
STU0332,C023,CORE
STU0332,C024,CORE
STU0333,C008,CORE
STU0333,C009,CORE
STU0333,C021,CORE
STU0333,C022,CORE
STU0333,C023,CORE
STU0333,C024,CORE
STU0334,C008,CORE
STU0334,C009,CORE
STU0334,C021,CORE
STU0334,C022,CORE
STU0334,C023,CORE
STU0334,C024,CORE
STU0335,C008,CORE
STU0335,C009,CORE
STU0335,C021,CORE
STU0335,C022,CORE
STU0335,C023,CORE
STU0335,C024,CORE
STU0336,C008,CORE
STU0336,C009,CORE
STU0336,C021,CORE
STU0336,C022,CORE
STU0336,C023,CORE
STU0336,C024,CORE
STU0337,C008,CORE
STU0337,C009,CORE
STU0337,C021,CORE
STU0337,C022,CORE
STU0337,C023,CORE
STU0337,C024,CORE
STU0338,C008,CORE
STU0338,C009,CORE
STU0338,C021,CORE
STU0338,C022,CORE
STU0338,C023,CORE
STU0338,C024,CORE
STU0339,C008,CORE
STU0339,C009,CORE
STU0339,C021,CORE
STU0339,C022,CORE
STU0339,C023,CORE
STU0339,C024,CORE
STU0340,C008,CORE
STU0340,C009,CORE
STU0340,C021,CORE
STU0340,C022,CORE
STU0340,C023,CORE
STU0340,C024,CORE
STU0341,C008,CORE
STU0341,C009,CORE
STU0341,C021,CORE
STU0341,C022,CORE
STU0341,C023,CORE
STU0341,C024,CORE
STU0342,C008,CORE
STU0342,C009,CORE
STU0342,C021,CORE
STU0342,C022,CORE
STU0342,C023,CORE
STU0342,C024,CORE
STU0343,C008,CORE
STU0343,C009,CORE
STU0343,C021,CORE
STU0343,C022,CORE
STU0343,C023,CORE
STU0343,C024,CORE
STU0344,C008,CORE
STU0344,C009,CORE
STU0344,C021,CORE
STU0344,C022,CORE
STU0344,C023,CORE
STU0344,C024,CORE
STU0345,C008,CORE
STU0345,C009,CORE
STU0345,C021,CORE
STU0345,C022,CORE
STU0345,C023,CORE
STU0345,C024,CORE
STU0346,C008,CORE
STU0346,C009,CORE
STU0346,C021,CORE
STU0346,C022,CORE
STU0346,C023,CORE
STU0346,C024,CORE
STU0347,C008,CORE
STU0347,C009,CORE
STU0347,C021,CORE
STU0347,C022,CORE
STU0347,C023,CORE
STU0347,C024,CORE
STU0348,C008,CORE
STU0348,C009,CORE
STU0348,C021,CORE
STU0348,C022,CORE
STU0348,C023,CORE
STU0348,C024,CORE
STU0349,C008,CORE
STU0349,C009,CORE
STU0349,C021,CORE
STU0349,C022,CORE
STU0349,C023,CORE
STU0349,C024,CORE
STU0350,C008,CORE
STU0350,C009,CORE
STU0350,C021,CORE
STU0350,C022,CORE
STU0350,C023,CORE
STU0350,C024,CORE
STU0351,C008,CORE
STU0351,C009,CORE
STU0351,C021,CORE
STU0351,C022,CORE
STU0351,C023,CORE
STU0351,C024,CORE
STU0352,C008,CORE
STU0352,C009,CORE
STU0352,C021,CORE
STU0352,C022,CORE
STU0352,C023,CORE
STU0352,C024,CORE
STU0353,C008,CORE
STU0353,C009,CORE
STU0353,C021,CORE
STU0353,C022,CORE
STU0353,C023,CORE
STU0353,C024,CORE
STU0354,C008,CORE
STU0354,C009,CORE
STU0354,C021,CORE
STU0354,C022,CORE
STU0354,C023,CORE
STU0354,C024,CORE
STU0355,C008,CORE
STU0355,C009,CORE
STU0355,C021,CORE
STU0355,C022,CORE
STU0355,C023,CORE
STU0355,C024,CORE
STU0356,C008,CORE
STU0356,C009,CORE
STU0356,C021,CORE
STU0356,C022,CORE
STU0356,C023,CORE
STU0356,C024,CORE
STU0357,C008,CORE
STU0357,C009,CORE
STU0357,C021,CORE
STU0357,C022,CORE
STU0357,C023,CORE
STU0357,C024,CORE
STU0358,C008,CORE
STU0358,C009,CORE
STU0358,C021,CORE
STU0358,C022,CORE
STU0358,C023,CORE
STU0358,C024,CORE
STU0359,C008,CORE
STU0359,C009,CORE
STU0359,C021,CORE
STU0359,C022,CORE
STU0359,C023,CORE
STU0359,C024,CORE
STU0360,C008,CORE
STU0360,C009,CORE
STU0360,C021,CORE
STU0360,C022,CORE
STU0360,C023,CORE
STU0360,C024,CORE
STU0361,C008,CORE
STU0361,C009,CORE
STU0361,C021,CORE
STU0361,C022,CORE
STU0361,C023,CORE
STU0361,C024,CORE
STU0362,C008,CORE
STU0362,C009,CORE
STU0362,C021,CORE
STU0362,C022,CORE
STU0362,C023,CORE
STU0362,C024,CORE
STU0363,C008,CORE
STU0363,C009,CORE
STU0363,C021,CORE
STU0363,C022,CORE
STU0363,C023,CORE
STU0363,C024,CORE
STU0364,C008,CORE
STU0364,C009,CORE
STU0364,C021,CORE
STU0364,C022,CORE
STU0364,C023,CORE
STU0364,C024,CORE
STU0365,C008,CORE
STU0365,C009,CORE
STU0365,C021,CORE
STU0365,C022,CORE
STU0365,C023,CORE
STU0365,C024,CORE
STU0366,C008,CORE
STU0366,C009,CORE
STU0366,C021,CORE
STU0366,C022,CORE
STU0366,C023,CORE
STU0366,C024,CORE
STU0367,C008,CORE
STU0367,C009,CORE
STU0367,C021,CORE
STU0367,C022,CORE
STU0367,C023,CORE
STU0367,C024,CORE
STU0368,C008,CORE
STU0368,C009,CORE
STU0368,C021,CORE
STU0368,C022,CORE
STU0368,C023,CORE
STU0368,C024,CORE
STU0369,C008,CORE
STU0369,C009,CORE
STU0369,C021,CORE
STU0369,C022,CORE
STU0369,C023,CORE
STU0369,C024,CORE
STU0370,C008,CORE
STU0370,C009,CORE
STU0370,C021,CORE
STU0370,C022,CORE
STU0370,C023,CORE
STU0370,C024,CORE
STU0371,C008,CORE
STU0371,C009,CORE
STU0371,C021,CORE
STU0371,C022,CORE
STU0371,C023,CORE
STU0371,C024,CORE
STU0372,C008,CORE
STU0372,C009,CORE
STU0372,C021,CORE
STU0372,C022,CORE
STU0372,C023,CORE
STU0372,C024,CORE
STU0373,C008,CORE
STU0373,C009,CORE
STU0373,C021,CORE
STU0373,C022,CORE
STU0373,C023,CORE
STU0373,C024,CORE
STU0374,C008,CORE
STU0374,C009,CORE
STU0374,C021,CORE
STU0374,C022,CORE
STU0374,C023,CORE
STU0374,C024,CORE
STU0375,C008,CORE
STU0375,C009,CORE
STU0375,C021,CORE
STU0375,C022,CORE
STU0375,C023,CORE
STU0375,C024,CORE
STU0376,C008,CORE
STU0376,C009,CORE
STU0376,C021,CORE
STU0376,C022,CORE
STU0376,C023,CORE
STU0376,C024,CORE
STU0377,C008,CORE
STU0377,C009,CORE
STU0377,C021,CORE
STU0377,C022,CORE
STU0377,C023,CORE
STU0377,C024,CORE
STU0378,C008,CORE
STU0378,C009,CORE
STU0378,C021,CORE
STU0378,C022,CORE
STU0378,C023,CORE
STU0378,C024,CORE
STU0379,C008,CORE
STU0379,C009,CORE
STU0379,C021,CORE
STU0379,C022,CORE
STU0379,C023,CORE
STU0379,C024,CORE
STU0380,C008,CORE
STU0380,C009,CORE
STU0380,C021,CORE
STU0380,C022,CORE
STU0380,C023,CORE
STU0380,C024,CORE
STU0381,C008,CORE
STU0381,C009,CORE
STU0381,C032,CORE
STU0381,C033,CORE
STU0381,C034,CORE
STU0381,C035,CORE
STU0382,C008,CORE
STU0382,C009,CORE
STU0382,C032,CORE
STU0382,C033,CORE
STU0382,C034,CORE
STU0382,C035,CORE
STU0383,C008,CORE
STU0383,C009,CORE
STU0383,C032,CORE
STU0383,C033,CORE
STU0383,C034,CORE
STU0383,C035,CORE
STU0384,C008,CORE
STU0384,C009,CORE
STU0384,C032,CORE
STU0384,C033,CORE
STU0384,C034,CORE
STU0384,C035,CORE
STU0385,C008,CORE
STU0385,C009,CORE
STU0385,C032,CORE
STU0385,C033,CORE
STU0385,C034,CORE
STU0385,C035,CORE
STU0386,C008,CORE
STU0386,C009,CORE
STU0386,C032,CORE
STU0386,C033,CORE
STU0386,C034,CORE
STU0386,C035,CORE
STU0387,C008,CORE
STU0387,C009,CORE
STU0387,C032,CORE
STU0387,C033,CORE
STU0387,C034,CORE
STU0387,C035,CORE
STU0388,C008,CORE
STU0388,C009,CORE
STU0388,C032,CORE
STU0388,C033,CORE
STU0388,C034,CORE
STU0388,C035,CORE
STU0389,C008,CORE
STU0389,C009,CORE
STU0389,C032,CORE
STU0389,C033,CORE
STU0389,C034,CORE
STU0389,C035,CORE
STU0390,C008,CORE
STU0390,C009,CORE
STU0390,C032,CORE
STU0390,C033,CORE
STU0390,C034,CORE
STU0390,C035,CORE
STU0391,C008,CORE
STU0391,C009,CORE
STU0391,C032,CORE
STU0391,C033,CORE
STU0391,C034,CORE
STU0391,C035,CORE
STU0392,C008,CORE
STU0392,C009,CORE
STU0392,C032,CORE
STU0392,C033,CORE
STU0392,C034,CORE
STU0392,C035,CORE
STU0393,C008,CORE
STU0393,C009,CORE
STU0393,C032,CORE
STU0393,C033,CORE
STU0393,C034,CORE
STU0393,C035,CORE
STU0394,C008,CORE
STU0394,C009,CORE
STU0394,C032,CORE
STU0394,C033,CORE
STU0394,C034,CORE
STU0394,C035,CORE
STU0395,C008,CORE
STU0395,C009,CORE
STU0395,C032,CORE
STU0395,C033,CORE
STU0395,C034,CORE
STU0395,C035,CORE
STU0396,C008,CORE
STU0396,C009,CORE
STU0396,C032,CORE
STU0396,C033,CORE
STU0396,C034,CORE
STU0396,C035,CORE
STU0397,C008,CORE
STU0397,C009,CORE
STU0397,C032,CORE
STU0397,C033,CORE
STU0397,C034,CORE
STU0397,C035,CORE
STU0398,C008,CORE
STU0398,C009,CORE
STU0398,C032,CORE
STU0398,C033,CORE
STU0398,C034,CORE
STU0398,C035,CORE
STU0399,C008,CORE
STU0399,C009,CORE
STU0399,C032,CORE
STU0399,C033,CORE
STU0399,C034,CORE
STU0399,C035,CORE
STU0400,C008,CORE
STU0400,C009,CORE
STU0400,C032,CORE
STU0400,C033,CORE
STU0400,C034,CORE
STU0400,C035,CORE
STU0401,C008,CORE
STU0401,C009,CORE
STU0401,C032,CORE
STU0401,C033,CORE
STU0401,C034,CORE
STU0401,C035,CORE
STU0402,C008,CORE
STU0402,C009,CORE
STU0402,C032,CORE
STU0402,C033,CORE
STU0402,C034,CORE
STU0402,C035,CORE
STU0403,C008,CORE
STU0403,C009,CORE
STU0403,C032,CORE
STU0403,C033,CORE
STU0403,C034,CORE
STU0403,C035,CORE
STU0404,C008,CORE
STU0404,C009,CORE
STU0404,C032,CORE
STU0404,C033,CORE
STU0404,C034,CORE
STU0404,C035,CORE
STU0405,C008,CORE
STU0405,C009,CORE
STU0405,C032,CORE
STU0405,C033,CORE
STU0405,C034,CORE
STU0405,C035,CORE
STU0406,C008,CORE
STU0406,C009,CORE
STU0406,C032,CORE
STU0406,C033,CORE
STU0406,C034,CORE
STU0406,C035,CORE
STU0407,C008,CORE
STU0407,C009,CORE
STU0407,C032,CORE
STU0407,C033,CORE
STU0407,C034,CORE
STU0407,C035,CORE
STU0408,C008,CORE
STU0408,C009,CORE
STU0408,C032,CORE
STU0408,C033,CORE
STU0408,C034,CORE
STU0408,C035,CORE
STU0409,C008,CORE
STU0409,C009,CORE
STU0409,C032,CORE
STU0409,C033,CORE
STU0409,C034,CORE
STU0409,C035,CORE
STU0410,C008,CORE
STU0410,C009,CORE
STU0410,C032,CORE
STU0410,C033,CORE
STU0410,C034,CORE
STU0410,C035,CORE
STU0411,C008,CORE
STU0411,C009,CORE
STU0411,C032,CORE
STU0411,C033,CORE
STU0411,C034,CORE
STU0411,C035,CORE
STU0412,C008,CORE
STU0412,C009,CORE
STU0412,C032,CORE
STU0412,C033,CORE
STU0412,C034,CORE
STU0412,C035,CORE
STU0413,C008,CORE
STU0413,C009,CORE
STU0413,C032,CORE
STU0413,C033,CORE
STU0413,C034,CORE
STU0413,C035,CORE
STU0414,C008,CORE
STU0414,C009,CORE
STU0414,C032,CORE
STU0414,C033,CORE
STU0414,C034,CORE
STU0414,C035,CORE
STU0415,C008,CORE
STU0415,C009,CORE
STU0415,C032,CORE
STU0415,C033,CORE
STU0415,C034,CORE
STU0415,C035,CORE
STU0416,C008,CORE
STU0416,C009,CORE
STU0416,C032,CORE
STU0416,C033,CORE
STU0416,C034,CORE
STU0416,C035,CORE
STU0417,C008,CORE
STU0417,C009,CORE
STU0417,C032,CORE
STU0417,C033,CORE
STU0417,C034,CORE
STU0417,C035,CORE
STU0418,C008,CORE
STU0418,C009,CORE
STU0418,C032,CORE
STU0418,C033,CORE
STU0418,C034,CORE
STU0418,C035,CORE
STU0419,C008,CORE
STU0419,C009,CORE
STU0419,C032,CORE
STU0419,C033,CORE
STU0419,C034,CORE
STU0419,C035,CORE
STU0420,C008,CORE
STU0420,C009,CORE
STU0420,C032,CORE
STU0420,C033,CORE
STU0420,C034,CORE
STU0420,C035,CORE
STU0421,C008,CORE
STU0421,C009,CORE
STU0421,C032,CORE
STU0421,C033,CORE
STU0421,C034,CORE
STU0421,C035,CORE
STU0422,C008,CORE
STU0422,C009,CORE
STU0422,C032,CORE
STU0422,C033,CORE
STU0422,C034,CORE
STU0422,C035,CORE
STU0423,C008,CORE
STU0423,C009,CORE
STU0423,C032,CORE
STU0423,C033,CORE
STU0423,C034,CORE
STU0423,C035,CORE
STU0424,C008,CORE
STU0424,C009,CORE
STU0424,C032,CORE
STU0424,C033,CORE
STU0424,C034,CORE
STU0424,C035,CORE
STU0425,C008,CORE
STU0425,C009,CORE
STU0425,C032,CORE
STU0425,C033,CORE
STU0425,C034,CORE
STU0425,C035,CORE
STU0426,C008,CORE
STU0426,C009,CORE
STU0426,C032,CORE
STU0426,C033,CORE
STU0426,C034,CORE
STU0426,C035,CORE
STU0427,C008,CORE
STU0427,C009,CORE
STU0427,C032,CORE
STU0427,C033,CORE
STU0427,C034,CORE
STU0427,C035,CORE
STU0428,C008,CORE
STU0428,C009,CORE
STU0428,C032,CORE
STU0428,C033,CORE
STU0428,C034,CORE
STU0428,C035,CORE
STU0429,C008,CORE
STU0429,C009,CORE
STU0429,C032,CORE
STU0429,C033,CORE
STU0429,C034,CORE
STU0429,C035,CORE
STU0430,C008,CORE
STU0430,C009,CORE
STU0430,C032,CORE
STU0430,C033,CORE
STU0430,C034,CORE
STU0430,C035,CORE
STU0431,C008,CORE
STU0431,C009,CORE
STU0431,C032,CORE
STU0431,C033,CORE
STU0431,C034,CORE
STU0431,C035,CORE
STU0432,C008,CORE
STU0432,C009,CORE
STU0432,C032,CORE
STU0432,C033,CORE
STU0432,C034,CORE
STU0432,C035,CORE
STU0433,C008,CORE
STU0433,C009,CORE
STU0433,C032,CORE
STU0433,C033,CORE
STU0433,C034,CORE
STU0433,C035,CORE
STU0434,C008,CORE
STU0434,C009,CORE
STU0434,C032,CORE
STU0434,C033,CORE
STU0434,C034,CORE
STU0434,C035,CORE
STU0435,C008,CORE
STU0435,C009,CORE
STU0435,C032,CORE
STU0435,C033,CORE
STU0435,C034,CORE
STU0435,C035,CORE
STU0436,C008,CORE
STU0436,C009,CORE
STU0436,C032,CORE
STU0436,C033,CORE
STU0436,C034,CORE
STU0436,C035,CORE
STU0437,C008,CORE
STU0437,C009,CORE
STU0437,C032,CORE
STU0437,C033,CORE
STU0437,C034,CORE
STU0437,C035,CORE
STU0438,C008,CORE
STU0438,C009,CORE
STU0438,C032,CORE
STU0438,C033,CORE
STU0438,C034,CORE
STU0438,C035,CORE
STU0439,C008,CORE
STU0439,C009,CORE
STU0439,C032,CORE
STU0439,C033,CORE
STU0439,C034,CORE
STU0439,C035,CORE
STU0440,C008,CORE
STU0440,C009,CORE
STU0440,C032,CORE
STU0440,C033,CORE
STU0440,C034,CORE
STU0440,C035,CORE
STU0441,C008,CORE
STU0441,C009,CORE
STU0441,C043,CORE
STU0441,C044,CORE
STU0441,C045,CORE
STU0441,C046,CORE
STU0442,C008,CORE
STU0442,C009,CORE
STU0442,C043,CORE
STU0442,C044,CORE
STU0442,C045,CORE
STU0442,C046,CORE
STU0443,C008,CORE
STU0443,C009,CORE
STU0443,C043,CORE
STU0443,C044,CORE
STU0443,C045,CORE
STU0443,C046,CORE
STU0444,C008,CORE
STU0444,C009,CORE
STU0444,C043,CORE
STU0444,C044,CORE
STU0444,C045,CORE
STU0444,C046,CORE
STU0445,C008,CORE
STU0445,C009,CORE
STU0445,C043,CORE
STU0445,C044,CORE
STU0445,C045,CORE
STU0445,C046,CORE
STU0446,C008,CORE
STU0446,C009,CORE
STU0446,C043,CORE
STU0446,C044,CORE
STU0446,C045,CORE
STU0446,C046,CORE
STU0447,C008,CORE
STU0447,C009,CORE
STU0447,C043,CORE
STU0447,C044,CORE
STU0447,C045,CORE
STU0447,C046,CORE
STU0448,C008,CORE
STU0448,C009,CORE
STU0448,C043,CORE
STU0448,C044,CORE
STU0448,C045,CORE
STU0448,C046,CORE
STU0449,C008,CORE
STU0449,C009,CORE
STU0449,C043,CORE
STU0449,C044,CORE
STU0449,C045,CORE
STU0449,C046,CORE
STU0450,C008,CORE
STU0450,C009,CORE
STU0450,C043,CORE
STU0450,C044,CORE
STU0450,C045,CORE
STU0450,C046,CORE
STU0451,C008,CORE
STU0451,C009,CORE
STU0451,C043,CORE
STU0451,C044,CORE
STU0451,C045,CORE
STU0451,C046,CORE
STU0452,C008,CORE
STU0452,C009,CORE
STU0452,C043,CORE
STU0452,C044,CORE
STU0452,C045,CORE
STU0452,C046,CORE
STU0453,C008,CORE
STU0453,C009,CORE
STU0453,C043,CORE
STU0453,C044,CORE
STU0453,C045,CORE
STU0453,C046,CORE
STU0454,C008,CORE
STU0454,C009,CORE
STU0454,C043,CORE
STU0454,C044,CORE
STU0454,C045,CORE
STU0454,C046,CORE
STU0455,C008,CORE
STU0455,C009,CORE
STU0455,C043,CORE
STU0455,C044,CORE
STU0455,C045,CORE
STU0455,C046,CORE
STU0456,C008,CORE
STU0456,C009,CORE
STU0456,C043,CORE
STU0456,C044,CORE
STU0456,C045,CORE
STU0456,C046,CORE
STU0457,C008,CORE
STU0457,C009,CORE
STU0457,C043,CORE
STU0457,C044,CORE
STU0457,C045,CORE
STU0457,C046,CORE
STU0458,C008,CORE
STU0458,C009,CORE
STU0458,C043,CORE
STU0458,C044,CORE
STU0458,C045,CORE
STU0458,C046,CORE
STU0459,C008,CORE
STU0459,C009,CORE
STU0459,C043,CORE
STU0459,C044,CORE
STU0459,C045,CORE
STU0459,C046,CORE
STU0460,C008,CORE
STU0460,C009,CORE
STU0460,C043,CORE
STU0460,C044,CORE
STU0460,C045,CORE
STU0460,C046,CORE
STU0461,C008,CORE
STU0461,C009,CORE
STU0461,C043,CORE
STU0461,C044,CORE
STU0461,C045,CORE
STU0461,C046,CORE
STU0462,C008,CORE
STU0462,C009,CORE
STU0462,C043,CORE
STU0462,C044,CORE
STU0462,C045,CORE
STU0462,C046,CORE
STU0463,C008,CORE
STU0463,C009,CORE
STU0463,C043,CORE
STU0463,C044,CORE
STU0463,C045,CORE
STU0463,C046,CORE
STU0464,C008,CORE
STU0464,C009,CORE
STU0464,C043,CORE
STU0464,C044,CORE
STU0464,C045,CORE
STU0464,C046,CORE
STU0465,C008,CORE
STU0465,C009,CORE
STU0465,C043,CORE
STU0465,C044,CORE
STU0465,C045,CORE
STU0465,C046,CORE
STU0466,C008,CORE
STU0466,C009,CORE
STU0466,C043,CORE
STU0466,C044,CORE
STU0466,C045,CORE
STU0466,C046,CORE
STU0467,C008,CORE
STU0467,C009,CORE
STU0467,C043,CORE
STU0467,C044,CORE
STU0467,C045,CORE
STU0467,C046,CORE
STU0468,C008,CORE
STU0468,C009,CORE
STU0468,C043,CORE
STU0468,C044,CORE
STU0468,C045,CORE
STU0468,C046,CORE
STU0469,C008,CORE
STU0469,C009,CORE
STU0469,C043,CORE
STU0469,C044,CORE
STU0469,C045,CORE
STU0469,C046,CORE
STU0470,C008,CORE
STU0470,C009,CORE
STU0470,C043,CORE
STU0470,C044,CORE
STU0470,C045,CORE
STU0470,C046,CORE
STU0471,C008,CORE
STU0471,C009,CORE
STU0471,C043,CORE
STU0471,C044,CORE
STU0471,C045,CORE
STU0471,C046,CORE
STU0472,C008,CORE
STU0472,C009,CORE
STU0472,C043,CORE
STU0472,C044,CORE
STU0472,C045,CORE
STU0472,C046,CORE
STU0473,C008,CORE
STU0473,C009,CORE
STU0473,C043,CORE
STU0473,C044,CORE
STU0473,C045,CORE
STU0473,C046,CORE
STU0474,C008,CORE
STU0474,C009,CORE
STU0474,C043,CORE
STU0474,C044,CORE
STU0474,C045,CORE
STU0474,C046,CORE
STU0475,C008,CORE
STU0475,C009,CORE
STU0475,C043,CORE
STU0475,C044,CORE
STU0475,C045,CORE
STU0475,C046,CORE
STU0476,C008,CORE
STU0476,C009,CORE
STU0476,C043,CORE
STU0476,C044,CORE
STU0476,C045,CORE
STU0476,C046,CORE
STU0477,C008,CORE
STU0477,C009,CORE
STU0477,C043,CORE
STU0477,C044,CORE
STU0477,C045,CORE
STU0477,C046,CORE
STU0478,C008,CORE
STU0478,C009,CORE
STU0478,C043,CORE
STU0478,C044,CORE
STU0478,C045,CORE
STU0478,C046,CORE
STU0479,C008,CORE
STU0479,C009,CORE
STU0479,C043,CORE
STU0479,C044,CORE
STU0479,C045,CORE
STU0479,C046,CORE
STU0480,C008,CORE
STU0480,C009,CORE
STU0480,C043,CORE
STU0480,C044,CORE
STU0480,C045,CORE
STU0480,C046,CORE
STU0481,C008,CORE
STU0481,C009,CORE
STU0481,C043,CORE
STU0481,C044,CORE
STU0481,C045,CORE
STU0481,C046,CORE
STU0482,C008,CORE
STU0482,C009,CORE
STU0482,C043,CORE
STU0482,C044,CORE
STU0482,C045,CORE
STU0482,C046,CORE
STU0483,C008,CORE
STU0483,C009,CORE
STU0483,C043,CORE
STU0483,C044,CORE
STU0483,C045,CORE
STU0483,C046,CORE
STU0484,C008,CORE
STU0484,C009,CORE
STU0484,C043,CORE
STU0484,C044,CORE
STU0484,C045,CORE
STU0484,C046,CORE
STU0485,C008,CORE
STU0485,C009,CORE
STU0485,C043,CORE
STU0485,C044,CORE
STU0485,C045,CORE
STU0485,C046,CORE
STU0486,C008,CORE
STU0486,C009,CORE
STU0486,C043,CORE
STU0486,C044,CORE
STU0486,C045,CORE
STU0486,C046,CORE
STU0487,C008,CORE
STU0487,C009,CORE
STU0487,C043,CORE
STU0487,C044,CORE
STU0487,C045,CORE
STU0487,C046,CORE
STU0488,C008,CORE
STU0488,C009,CORE
STU0488,C043,CORE
STU0488,C044,CORE
STU0488,C045,CORE
STU0488,C046,CORE
STU0489,C008,CORE
STU0489,C009,CORE
STU0489,C043,CORE
STU0489,C044,CORE
STU0489,C045,CORE
STU0489,C046,CORE
STU0490,C008,CORE
STU0490,C009,CORE
STU0490,C043,CORE
STU0490,C044,CORE
STU0490,C045,CORE
STU0490,C046,CORE
STU0491,C008,CORE
STU0491,C009,CORE
STU0491,C043,CORE
STU0491,C044,CORE
STU0491,C045,CORE
STU0491,C046,CORE
STU0492,C008,CORE
STU0492,C009,CORE
STU0492,C043,CORE
STU0492,C044,CORE
STU0492,C045,CORE
STU0492,C046,CORE
STU0493,C008,CORE
STU0493,C009,CORE
STU0493,C043,CORE
STU0493,C044,CORE
STU0493,C045,CORE
STU0493,C046,CORE
STU0494,C008,CORE
STU0494,C009,CORE
STU0494,C043,CORE
STU0494,C044,CORE
STU0494,C045,CORE
STU0494,C046,CORE
STU0495,C008,CORE
STU0495,C009,CORE
STU0495,C043,CORE
STU0495,C044,CORE
STU0495,C045,CORE
STU0495,C046,CORE
STU0496,C008,CORE
STU0496,C009,CORE
STU0496,C043,CORE
STU0496,C044,CORE
STU0496,C045,CORE
STU0496,C046,CORE
STU0497,C008,CORE
STU0497,C009,CORE
STU0497,C043,CORE
STU0497,C044,CORE
STU0497,C045,CORE
STU0497,C046,CORE
STU0498,C008,CORE
STU0498,C009,CORE
STU0498,C043,CORE
STU0498,C044,CORE
STU0498,C045,CORE
STU0498,C046,CORE
STU0499,C008,CORE
STU0499,C009,CORE
STU0499,C043,CORE
STU0499,C044,CORE
STU0499,C045,CORE
STU0499,C046,CORE
STU0500,C008,CORE
STU0500,C009,CORE
STU0500,C043,CORE
STU0500,C044,CORE
STU0500,C045,CORE
STU0500,C046,CORE
STU0501,C054,CORE
STU0501,C056,CORE
STU0501,C014,CORE
STU0501,C015,CORE
STU0501,C016,CORE
STU0501,C017,CORE
STU0501,C054,CORE
STU0501,C059,OAE
STU0502,C054,CORE
STU0502,C056,CORE
STU0502,C014,CORE
STU0502,C015,CORE
STU0502,C016,CORE
STU0502,C017,CORE
STU0502,C054,CORE
STU0502,C060,OAE
STU0503,C054,CORE
STU0503,C056,CORE
STU0503,C014,CORE
STU0503,C015,CORE
STU0503,C016,CORE
STU0503,C017,CORE
STU0503,C054,CORE
STU0503,C061,OAE
STU0504,C054,CORE
STU0504,C056,CORE
STU0504,C014,CORE
STU0504,C015,CORE
STU0504,C016,CORE
STU0504,C017,CORE
STU0504,C054,CORE
STU0504,C058,OAE
STU0505,C054,CORE
STU0505,C056,CORE
STU0505,C014,CORE
STU0505,C015,CORE
STU0505,C016,CORE
STU0505,C017,CORE
STU0505,C054,CORE
STU0505,C059,OAE
STU0506,C054,CORE
STU0506,C056,CORE
STU0506,C014,CORE
STU0506,C015,CORE
STU0506,C016,CORE
STU0506,C017,CORE
STU0506,C054,CORE
STU0506,C060,OAE
STU0507,C054,CORE
STU0507,C056,CORE
STU0507,C014,CORE
STU0507,C015,CORE
STU0507,C016,CORE
STU0507,C017,CORE
STU0507,C054,CORE
STU0507,C061,OAE
STU0508,C054,CORE
STU0508,C056,CORE
STU0508,C014,CORE
STU0508,C015,CORE
STU0508,C016,CORE
STU0508,C017,CORE
STU0508,C054,CORE
STU0508,C058,OAE
STU0509,C054,CORE
STU0509,C056,CORE
STU0509,C014,CORE
STU0509,C015,CORE
STU0509,C016,CORE
STU0509,C017,CORE
STU0509,C054,CORE
STU0509,C059,OAE
STU0510,C054,CORE
STU0510,C056,CORE
STU0510,C014,CORE
STU0510,C015,CORE
STU0510,C016,CORE
STU0510,C017,CORE
STU0510,C054,CORE
STU0510,C060,OAE
STU0511,C054,CORE
STU0511,C056,CORE
STU0511,C014,CORE
STU0511,C015,CORE
STU0511,C016,CORE
STU0511,C017,CORE
STU0511,C054,CORE
STU0511,C061,OAE
STU0512,C054,CORE
STU0512,C056,CORE
STU0512,C014,CORE
STU0512,C015,CORE
STU0512,C016,CORE
STU0512,C017,CORE
STU0512,C054,CORE
STU0512,C058,OAE
STU0513,C054,CORE
STU0513,C056,CORE
STU0513,C014,CORE
STU0513,C015,CORE
STU0513,C016,CORE
STU0513,C017,CORE
STU0513,C054,CORE
STU0513,C059,OAE
STU0514,C054,CORE
STU0514,C056,CORE
STU0514,C014,CORE
STU0514,C015,CORE
STU0514,C016,CORE
STU0514,C017,CORE
STU0514,C054,CORE
STU0514,C060,OAE
STU0515,C054,CORE
STU0515,C056,CORE
STU0515,C014,CORE
STU0515,C015,CORE
STU0515,C016,CORE
STU0515,C017,CORE
STU0515,C054,CORE
STU0515,C061,OAE
STU0516,C054,CORE
STU0516,C056,CORE
STU0516,C014,CORE
STU0516,C015,CORE
STU0516,C016,CORE
STU0516,C017,CORE
STU0516,C054,CORE
STU0516,C058,OAE
STU0517,C054,CORE
STU0517,C056,CORE
STU0517,C014,CORE
STU0517,C015,CORE
STU0517,C016,CORE
STU0517,C017,CORE
STU0517,C054,CORE
STU0517,C059,OAE
STU0518,C054,CORE
STU0518,C056,CORE
STU0518,C014,CORE
STU0518,C015,CORE
STU0518,C016,CORE
STU0518,C017,CORE
STU0518,C054,CORE
STU0518,C060,OAE
STU0519,C054,CORE
STU0519,C056,CORE
STU0519,C014,CORE
STU0519,C015,CORE
STU0519,C016,CORE
STU0519,C017,CORE
STU0519,C054,CORE
STU0519,C061,OAE
STU0520,C054,CORE
STU0520,C056,CORE
STU0520,C014,CORE
STU0520,C015,CORE
STU0520,C016,CORE
STU0520,C017,CORE
STU0520,C054,CORE
STU0520,C058,OAE
STU0521,C054,CORE
STU0521,C056,CORE
STU0521,C014,CORE
STU0521,C015,CORE
STU0521,C016,CORE
STU0521,C017,CORE
STU0521,C054,CORE
STU0521,C059,OAE
STU0522,C054,CORE
STU0522,C056,CORE
STU0522,C014,CORE
STU0522,C015,CORE
STU0522,C016,CORE
STU0522,C017,CORE
STU0522,C054,CORE
STU0522,C060,OAE
STU0523,C054,CORE
STU0523,C056,CORE
STU0523,C014,CORE
STU0523,C015,CORE
STU0523,C016,CORE
STU0523,C017,CORE
STU0523,C054,CORE
STU0523,C061,OAE
STU0524,C054,CORE
STU0524,C056,CORE
STU0524,C014,CORE
STU0524,C015,CORE
STU0524,C016,CORE
STU0524,C017,CORE
STU0524,C054,CORE
STU0524,C058,OAE
STU0525,C054,CORE
STU0525,C056,CORE
STU0525,C014,CORE
STU0525,C015,CORE
STU0525,C016,CORE
STU0525,C017,CORE
STU0525,C054,CORE
STU0525,C059,OAE
STU0526,C054,CORE
STU0526,C056,CORE
STU0526,C014,CORE
STU0526,C015,CORE
STU0526,C016,CORE
STU0526,C017,CORE
STU0526,C054,CORE
STU0526,C060,OAE
STU0527,C054,CORE
STU0527,C056,CORE
STU0527,C014,CORE
STU0527,C015,CORE
STU0527,C016,CORE
STU0527,C017,CORE
STU0527,C054,CORE
STU0527,C061,OAE
STU0528,C054,CORE
STU0528,C056,CORE
STU0528,C014,CORE
STU0528,C015,CORE
STU0528,C016,CORE
STU0528,C017,CORE
STU0528,C054,CORE
STU0528,C058,OAE
STU0529,C054,CORE
STU0529,C056,CORE
STU0529,C014,CORE
STU0529,C015,CORE
STU0529,C016,CORE
STU0529,C017,CORE
STU0529,C054,CORE
STU0529,C059,OAE
STU0530,C054,CORE
STU0530,C056,CORE
STU0530,C014,CORE
STU0530,C015,CORE
STU0530,C016,CORE
STU0530,C017,CORE
STU0530,C054,CORE
STU0530,C060,OAE
STU0531,C054,CORE
STU0531,C056,CORE
STU0531,C014,CORE
STU0531,C015,CORE
STU0531,C016,CORE
STU0531,C017,CORE
STU0531,C054,CORE
STU0531,C061,OAE
STU0532,C054,CORE
STU0532,C056,CORE
STU0532,C014,CORE
STU0532,C015,CORE
STU0532,C016,CORE
STU0532,C017,CORE
STU0532,C054,CORE
STU0532,C058,OAE
STU0533,C054,CORE
STU0533,C056,CORE
STU0533,C014,CORE
STU0533,C015,CORE
STU0533,C016,CORE
STU0533,C017,CORE
STU0533,C054,CORE
STU0533,C059,OAE
STU0534,C054,CORE
STU0534,C056,CORE
STU0534,C014,CORE
STU0534,C015,CORE
STU0534,C016,CORE
STU0534,C017,CORE
STU0534,C054,CORE
STU0534,C060,OAE
STU0535,C054,CORE
STU0535,C056,CORE
STU0535,C014,CORE
STU0535,C015,CORE
STU0535,C016,CORE
STU0535,C017,CORE
STU0535,C054,CORE
STU0535,C061,OAE
STU0536,C054,CORE
STU0536,C056,CORE
STU0536,C014,CORE
STU0536,C015,CORE
STU0536,C016,CORE
STU0536,C017,CORE
STU0536,C054,CORE
STU0536,C058,OAE
STU0537,C054,CORE
STU0537,C056,CORE
STU0537,C014,CORE
STU0537,C015,CORE
STU0537,C016,CORE
STU0537,C017,CORE
STU0537,C054,CORE
STU0537,C059,OAE
STU0538,C054,CORE
STU0538,C056,CORE
STU0538,C014,CORE
STU0538,C015,CORE
STU0538,C016,CORE
STU0538,C017,CORE
STU0538,C054,CORE
STU0538,C060,OAE
STU0539,C054,CORE
STU0539,C056,CORE
STU0539,C014,CORE
STU0539,C015,CORE
STU0539,C016,CORE
STU0539,C017,CORE
STU0539,C054,CORE
STU0539,C061,OAE
STU0540,C054,CORE
STU0540,C056,CORE
STU0540,C014,CORE
STU0540,C015,CORE
STU0540,C016,CORE
STU0540,C017,CORE
STU0540,C054,CORE
STU0540,C058,OAE
STU0541,C054,CORE
STU0541,C056,CORE
STU0541,C014,CORE
STU0541,C015,CORE
STU0541,C016,CORE
STU0541,C017,CORE
STU0541,C054,CORE
STU0541,C059,OAE
STU0542,C054,CORE
STU0542,C056,CORE
STU0542,C014,CORE
STU0542,C015,CORE
STU0542,C016,CORE
STU0542,C017,CORE
STU0542,C054,CORE
STU0542,C060,OAE
STU0543,C054,CORE
STU0543,C056,CORE
STU0543,C014,CORE
STU0543,C015,CORE
STU0543,C016,CORE
STU0543,C017,CORE
STU0543,C054,CORE
STU0543,C061,OAE
STU0544,C054,CORE
STU0544,C056,CORE
STU0544,C014,CORE
STU0544,C015,CORE
STU0544,C016,CORE
STU0544,C017,CORE
STU0544,C054,CORE
STU0544,C058,OAE
STU0545,C054,CORE
STU0545,C056,CORE
STU0545,C014,CORE
STU0545,C015,CORE
STU0545,C016,CORE
STU0545,C017,CORE
STU0545,C054,CORE
STU0545,C059,OAE
STU0546,C054,CORE
STU0546,C056,CORE
STU0546,C014,CORE
STU0546,C015,CORE
STU0546,C016,CORE
STU0546,C017,CORE
STU0546,C054,CORE
STU0546,C060,OAE
STU0547,C054,CORE
STU0547,C056,CORE
STU0547,C014,CORE
STU0547,C015,CORE
STU0547,C016,CORE
STU0547,C017,CORE
STU0547,C054,CORE
STU0547,C061,OAE
STU0548,C054,CORE
STU0548,C056,CORE
STU0548,C014,CORE
STU0548,C015,CORE
STU0548,C016,CORE
STU0548,C017,CORE
STU0548,C054,CORE
STU0548,C058,OAE
STU0549,C054,CORE
STU0549,C056,CORE
STU0549,C014,CORE
STU0549,C015,CORE
STU0549,C016,CORE
STU0549,C017,CORE
STU0549,C054,CORE
STU0549,C059,OAE
STU0550,C054,CORE
STU0550,C056,CORE
STU0550,C014,CORE
STU0550,C015,CORE
STU0550,C016,CORE
STU0550,C017,CORE
STU0550,C054,CORE
STU0550,C060,OAE
STU0551,C054,CORE
STU0551,C056,CORE
STU0551,C014,CORE
STU0551,C015,CORE
STU0551,C016,CORE
STU0551,C017,CORE
STU0551,C054,CORE
STU0551,C061,OAE
STU0552,C054,CORE
STU0552,C056,CORE
STU0552,C014,CORE
STU0552,C015,CORE
STU0552,C016,CORE
STU0552,C017,CORE
STU0552,C054,CORE
STU0552,C058,OAE
STU0553,C054,CORE
STU0553,C056,CORE
STU0553,C014,CORE
STU0553,C015,CORE
STU0553,C016,CORE
STU0553,C017,CORE
STU0553,C054,CORE
STU0553,C059,OAE
STU0554,C054,CORE
STU0554,C056,CORE
STU0554,C014,CORE
STU0554,C015,CORE
STU0554,C016,CORE
STU0554,C017,CORE
STU0554,C054,CORE
STU0554,C060,OAE
STU0555,C054,CORE
STU0555,C056,CORE
STU0555,C014,CORE
STU0555,C015,CORE
STU0555,C016,CORE
STU0555,C017,CORE
STU0555,C054,CORE
STU0555,C061,OAE
STU0556,C054,CORE
STU0556,C056,CORE
STU0556,C014,CORE
STU0556,C015,CORE
STU0556,C016,CORE
STU0556,C017,CORE
STU0556,C054,CORE
STU0556,C058,OAE
STU0557,C054,CORE
STU0557,C056,CORE
STU0557,C014,CORE
STU0557,C015,CORE
STU0557,C016,CORE
STU0557,C017,CORE
STU0557,C054,CORE
STU0557,C059,OAE
STU0558,C054,CORE
STU0558,C056,CORE
STU0558,C014,CORE
STU0558,C015,CORE
STU0558,C016,CORE
STU0558,C017,CORE
STU0558,C054,CORE
STU0558,C060,OAE
STU0559,C054,CORE
STU0559,C056,CORE
STU0559,C014,CORE
STU0559,C015,CORE
STU0559,C016,CORE
STU0559,C017,CORE
STU0559,C054,CORE
STU0559,C061,OAE
STU0560,C054,CORE
STU0560,C056,CORE
STU0560,C014,CORE
STU0560,C015,CORE
STU0560,C016,CORE
STU0560,C017,CORE
STU0560,C054,CORE
STU0560,C058,OAE
STU0561,C054,CORE
STU0561,C056,CORE
STU0561,C014,CORE
STU0561,C015,CORE
STU0561,C016,CORE
STU0561,C017,CORE
STU0561,C054,CORE
STU0561,C059,OAE
STU0562,C054,CORE
STU0562,C056,CORE
STU0562,C014,CORE
STU0562,C015,CORE
STU0562,C016,CORE
STU0562,C017,CORE
STU0562,C054,CORE
STU0562,C060,OAE
STU0563,C054,CORE
STU0563,C056,CORE
STU0563,C014,CORE
STU0563,C015,CORE
STU0563,C016,CORE
STU0563,C017,CORE
STU0563,C054,CORE
STU0563,C061,OAE
STU0564,C054,CORE
STU0564,C056,CORE
STU0564,C014,CORE
STU0564,C015,CORE
STU0564,C016,CORE
STU0564,C017,CORE
STU0564,C054,CORE
STU0564,C058,OAE
STU0565,C054,CORE
STU0565,C056,CORE
STU0565,C014,CORE
STU0565,C015,CORE
STU0565,C016,CORE
STU0565,C017,CORE
STU0565,C054,CORE
STU0565,C059,OAE
STU0566,C054,CORE
STU0566,C056,CORE
STU0566,C025,CORE
STU0566,C026,CORE
STU0566,C027,CORE
STU0566,C028,CORE
STU0566,C054,CORE
STU0566,C060,OAE
STU0567,C054,CORE
STU0567,C056,CORE
STU0567,C025,CORE
STU0567,C026,CORE
STU0567,C027,CORE
STU0567,C028,CORE
STU0567,C054,CORE
STU0567,C061,OAE
STU0568,C054,CORE
STU0568,C056,CORE
STU0568,C025,CORE
STU0568,C026,CORE
STU0568,C027,CORE
STU0568,C028,CORE
STU0568,C054,CORE
STU0568,C058,OAE
STU0569,C054,CORE
STU0569,C056,CORE
STU0569,C025,CORE
STU0569,C026,CORE
STU0569,C027,CORE
STU0569,C028,CORE
STU0569,C054,CORE
STU0569,C059,OAE
STU0570,C054,CORE
STU0570,C056,CORE
STU0570,C025,CORE
STU0570,C026,CORE
STU0570,C027,CORE
STU0570,C028,CORE
STU0570,C054,CORE
STU0570,C060,OAE
STU0571,C054,CORE
STU0571,C056,CORE
STU0571,C025,CORE
STU0571,C026,CORE
STU0571,C027,CORE
STU0571,C028,CORE
STU0571,C054,CORE
STU0571,C061,OAE
STU0572,C054,CORE
STU0572,C056,CORE
STU0572,C025,CORE
STU0572,C026,CORE
STU0572,C027,CORE
STU0572,C028,CORE
STU0572,C054,CORE
STU0572,C058,OAE
STU0573,C054,CORE
STU0573,C056,CORE
STU0573,C025,CORE
STU0573,C026,CORE
STU0573,C027,CORE
STU0573,C028,CORE
STU0573,C054,CORE
STU0573,C059,OAE
STU0574,C054,CORE
STU0574,C056,CORE
STU0574,C025,CORE
STU0574,C026,CORE
STU0574,C027,CORE
STU0574,C028,CORE
STU0574,C054,CORE
STU0574,C060,OAE
STU0575,C054,CORE
STU0575,C056,CORE
STU0575,C025,CORE
STU0575,C026,CORE
STU0575,C027,CORE
STU0575,C028,CORE
STU0575,C054,CORE
STU0575,C061,OAE
STU0576,C054,CORE
STU0576,C056,CORE
STU0576,C025,CORE
STU0576,C026,CORE
STU0576,C027,CORE
STU0576,C028,CORE
STU0576,C054,CORE
STU0576,C058,OAE
STU0577,C054,CORE
STU0577,C056,CORE
STU0577,C025,CORE
STU0577,C026,CORE
STU0577,C027,CORE
STU0577,C028,CORE
STU0577,C054,CORE
STU0577,C059,OAE
STU0578,C054,CORE
STU0578,C056,CORE
STU0578,C025,CORE
STU0578,C026,CORE
STU0578,C027,CORE
STU0578,C028,CORE
STU0578,C054,CORE
STU0578,C060,OAE
STU0579,C054,CORE
STU0579,C056,CORE
STU0579,C025,CORE
STU0579,C026,CORE
STU0579,C027,CORE
STU0579,C028,CORE
STU0579,C054,CORE
STU0579,C061,OAE
STU0580,C054,CORE
STU0580,C056,CORE
STU0580,C025,CORE
STU0580,C026,CORE
STU0580,C027,CORE
STU0580,C028,CORE
STU0580,C054,CORE
STU0580,C058,OAE
STU0581,C054,CORE
STU0581,C056,CORE
STU0581,C025,CORE
STU0581,C026,CORE
STU0581,C027,CORE
STU0581,C028,CORE
STU0581,C054,CORE
STU0581,C059,OAE
STU0582,C054,CORE
STU0582,C056,CORE
STU0582,C025,CORE
STU0582,C026,CORE
STU0582,C027,CORE
STU0582,C028,CORE
STU0582,C054,CORE
STU0582,C060,OAE
STU0583,C054,CORE
STU0583,C056,CORE
STU0583,C025,CORE
STU0583,C026,CORE
STU0583,C027,CORE
STU0583,C028,CORE
STU0583,C054,CORE
STU0583,C061,OAE
STU0584,C054,CORE
STU0584,C056,CORE
STU0584,C025,CORE
STU0584,C026,CORE
STU0584,C027,CORE
STU0584,C028,CORE
STU0584,C054,CORE
STU0584,C058,OAE
STU0585,C054,CORE
STU0585,C056,CORE
STU0585,C025,CORE
STU0585,C026,CORE
STU0585,C027,CORE
STU0585,C028,CORE
STU0585,C054,CORE
STU0585,C059,OAE
STU0586,C054,CORE
STU0586,C056,CORE
STU0586,C025,CORE
STU0586,C026,CORE
STU0586,C027,CORE
STU0586,C028,CORE
STU0586,C054,CORE
STU0586,C060,OAE
STU0587,C054,CORE
STU0587,C056,CORE
STU0587,C025,CORE
STU0587,C026,CORE
STU0587,C027,CORE
STU0587,C028,CORE
STU0587,C054,CORE
STU0587,C061,OAE
STU0588,C054,CORE
STU0588,C056,CORE
STU0588,C025,CORE
STU0588,C026,CORE
STU0588,C027,CORE
STU0588,C028,CORE
STU0588,C054,CORE
STU0588,C058,OAE
STU0589,C054,CORE
STU0589,C056,CORE
STU0589,C025,CORE
STU0589,C026,CORE
STU0589,C027,CORE
STU0589,C028,CORE
STU0589,C054,CORE
STU0589,C059,OAE
STU0590,C054,CORE
STU0590,C056,CORE
STU0590,C025,CORE
STU0590,C026,CORE
STU0590,C027,CORE
STU0590,C028,CORE
STU0590,C054,CORE
STU0590,C060,OAE
STU0591,C054,CORE
STU0591,C056,CORE
STU0591,C025,CORE
STU0591,C026,CORE
STU0591,C027,CORE
STU0591,C028,CORE
STU0591,C054,CORE
STU0591,C061,OAE
STU0592,C054,CORE
STU0592,C056,CORE
STU0592,C025,CORE
STU0592,C026,CORE
STU0592,C027,CORE
STU0592,C028,CORE
STU0592,C054,CORE
STU0592,C058,OAE
STU0593,C054,CORE
STU0593,C056,CORE
STU0593,C025,CORE
STU0593,C026,CORE
STU0593,C027,CORE
STU0593,C028,CORE
STU0593,C054,CORE
STU0593,C059,OAE
STU0594,C054,CORE
STU0594,C056,CORE
STU0594,C025,CORE
STU0594,C026,CORE
STU0594,C027,CORE
STU0594,C028,CORE
STU0594,C054,CORE
STU0594,C060,OAE
STU0595,C054,CORE
STU0595,C056,CORE
STU0595,C025,CORE
STU0595,C026,CORE
STU0595,C027,CORE
STU0595,C028,CORE
STU0595,C054,CORE
STU0595,C061,OAE
STU0596,C054,CORE
STU0596,C056,CORE
STU0596,C025,CORE
STU0596,C026,CORE
STU0596,C027,CORE
STU0596,C028,CORE
STU0596,C054,CORE
STU0596,C058,OAE
STU0597,C054,CORE
STU0597,C056,CORE
STU0597,C025,CORE
STU0597,C026,CORE
STU0597,C027,CORE
STU0597,C028,CORE
STU0597,C054,CORE
STU0597,C059,OAE
STU0598,C054,CORE
STU0598,C056,CORE
STU0598,C025,CORE
STU0598,C026,CORE
STU0598,C027,CORE
STU0598,C028,CORE
STU0598,C054,CORE
STU0598,C060,OAE
STU0599,C054,CORE
STU0599,C056,CORE
STU0599,C025,CORE
STU0599,C026,CORE
STU0599,C027,CORE
STU0599,C028,CORE
STU0599,C054,CORE
STU0599,C061,OAE
STU0600,C054,CORE
STU0600,C056,CORE
STU0600,C025,CORE
STU0600,C026,CORE
STU0600,C027,CORE
STU0600,C028,CORE
STU0600,C054,CORE
STU0600,C058,OAE
STU0601,C054,CORE
STU0601,C056,CORE
STU0601,C025,CORE
STU0601,C026,CORE
STU0601,C027,CORE
STU0601,C028,CORE
STU0601,C054,CORE
STU0601,C059,OAE
STU0602,C054,CORE
STU0602,C056,CORE
STU0602,C025,CORE
STU0602,C026,CORE
STU0602,C027,CORE
STU0602,C028,CORE
STU0602,C054,CORE
STU0602,C060,OAE
STU0603,C054,CORE
STU0603,C056,CORE
STU0603,C025,CORE
STU0603,C026,CORE
STU0603,C027,CORE
STU0603,C028,CORE
STU0603,C054,CORE
STU0603,C061,OAE
STU0604,C054,CORE
STU0604,C056,CORE
STU0604,C025,CORE
STU0604,C026,CORE
STU0604,C027,CORE
STU0604,C028,CORE
STU0604,C054,CORE
STU0604,C058,OAE
STU0605,C054,CORE
STU0605,C056,CORE
STU0605,C025,CORE
STU0605,C026,CORE
STU0605,C027,CORE
STU0605,C028,CORE
STU0605,C054,CORE
STU0605,C059,OAE
STU0606,C054,CORE
STU0606,C056,CORE
STU0606,C025,CORE
STU0606,C026,CORE
STU0606,C027,CORE
STU0606,C028,CORE
STU0606,C054,CORE
STU0606,C060,OAE
STU0607,C054,CORE
STU0607,C056,CORE
STU0607,C025,CORE
STU0607,C026,CORE
STU0607,C027,CORE
STU0607,C028,CORE
STU0607,C054,CORE
STU0607,C061,OAE
STU0608,C054,CORE
STU0608,C056,CORE
STU0608,C025,CORE
STU0608,C026,CORE
STU0608,C027,CORE
STU0608,C028,CORE
STU0608,C054,CORE
STU0608,C058,OAE
STU0609,C054,CORE
STU0609,C056,CORE
STU0609,C025,CORE
STU0609,C026,CORE
STU0609,C027,CORE
STU0609,C028,CORE
STU0609,C054,CORE
STU0609,C059,OAE
STU0610,C054,CORE
STU0610,C056,CORE
STU0610,C025,CORE
STU0610,C026,CORE
STU0610,C027,CORE
STU0610,C028,CORE
STU0610,C054,CORE
STU0610,C060,OAE
STU0611,C054,CORE
STU0611,C056,CORE
STU0611,C025,CORE
STU0611,C026,CORE
STU0611,C027,CORE
STU0611,C028,CORE
STU0611,C054,CORE
STU0611,C061,OAE
STU0612,C054,CORE
STU0612,C056,CORE
STU0612,C025,CORE
STU0612,C026,CORE
STU0612,C027,CORE
STU0612,C028,CORE
STU0612,C054,CORE
STU0612,C058,OAE
STU0613,C054,CORE
STU0613,C056,CORE
STU0613,C025,CORE
STU0613,C026,CORE
STU0613,C027,CORE
STU0613,C028,CORE
STU0613,C054,CORE
STU0613,C059,OAE
STU0614,C054,CORE
STU0614,C056,CORE
STU0614,C025,CORE
STU0614,C026,CORE
STU0614,C027,CORE
STU0614,C028,CORE
STU0614,C054,CORE
STU0614,C060,OAE
STU0615,C054,CORE
STU0615,C056,CORE
STU0615,C025,CORE
STU0615,C026,CORE
STU0615,C027,CORE
STU0615,C028,CORE
STU0615,C054,CORE
STU0615,C061,OAE
STU0616,C054,CORE
STU0616,C056,CORE
STU0616,C025,CORE
STU0616,C026,CORE
STU0616,C027,CORE
STU0616,C028,CORE
STU0616,C054,CORE
STU0616,C058,OAE
STU0617,C054,CORE
STU0617,C056,CORE
STU0617,C025,CORE
STU0617,C026,CORE
STU0617,C027,CORE
STU0617,C028,CORE
STU0617,C054,CORE
STU0617,C059,OAE
STU0618,C054,CORE
STU0618,C056,CORE
STU0618,C025,CORE
STU0618,C026,CORE
STU0618,C027,CORE
STU0618,C028,CORE
STU0618,C054,CORE
STU0618,C060,OAE
STU0619,C054,CORE
STU0619,C056,CORE
STU0619,C025,CORE
STU0619,C026,CORE
STU0619,C027,CORE
STU0619,C028,CORE
STU0619,C054,CORE
STU0619,C061,OAE
STU0620,C054,CORE
STU0620,C056,CORE
STU0620,C025,CORE
STU0620,C026,CORE
STU0620,C027,CORE
STU0620,C028,CORE
STU0620,C054,CORE
STU0620,C058,OAE
STU0621,C054,CORE
STU0621,C056,CORE
STU0621,C025,CORE
STU0621,C026,CORE
STU0621,C027,CORE
STU0621,C028,CORE
STU0621,C054,CORE
STU0621,C059,OAE
STU0622,C054,CORE
STU0622,C056,CORE
STU0622,C025,CORE
STU0622,C026,CORE
STU0622,C027,CORE
STU0622,C028,CORE
STU0622,C054,CORE
STU0622,C060,OAE
STU0623,C054,CORE
STU0623,C056,CORE
STU0623,C025,CORE
STU0623,C026,CORE
STU0623,C027,CORE
STU0623,C028,CORE
STU0623,C054,CORE
STU0623,C061,OAE
STU0624,C054,CORE
STU0624,C056,CORE
STU0624,C025,CORE
STU0624,C026,CORE
STU0624,C027,CORE
STU0624,C028,CORE
STU0624,C054,CORE
STU0624,C058,OAE
STU0625,C054,CORE
STU0625,C056,CORE
STU0625,C025,CORE
STU0625,C026,CORE
STU0625,C027,CORE
STU0625,C028,CORE
STU0625,C054,CORE
STU0625,C059,OAE
STU0626,C054,CORE
STU0626,C056,CORE
STU0626,C025,CORE
STU0626,C026,CORE
STU0626,C027,CORE
STU0626,C028,CORE
STU0626,C054,CORE
STU0626,C060,OAE
STU0627,C054,CORE
STU0627,C056,CORE
STU0627,C025,CORE
STU0627,C026,CORE
STU0627,C027,CORE
STU0627,C028,CORE
STU0627,C054,CORE
STU0627,C061,OAE
STU0628,C054,CORE
STU0628,C056,CORE
STU0628,C025,CORE
STU0628,C026,CORE
STU0628,C027,CORE
STU0628,C028,CORE
STU0628,C054,CORE
STU0628,C058,OAE
STU0629,C054,CORE
STU0629,C056,CORE
STU0629,C025,CORE
STU0629,C026,CORE
STU0629,C027,CORE
STU0629,C028,CORE
STU0629,C054,CORE
STU0629,C059,OAE
STU0630,C054,CORE
STU0630,C056,CORE
STU0630,C025,CORE
STU0630,C026,CORE
STU0630,C027,CORE
STU0630,C028,CORE
STU0630,C054,CORE
STU0630,C060,OAE
STU0631,C054,CORE
STU0631,C056,CORE
STU0631,C036,CORE
STU0631,C037,CORE
STU0631,C038,CORE
STU0631,C039,CORE
STU0631,C054,CORE
STU0631,C061,OAE
STU0632,C054,CORE
STU0632,C056,CORE
STU0632,C036,CORE
STU0632,C037,CORE
STU0632,C038,CORE
STU0632,C039,CORE
STU0632,C054,CORE
STU0632,C058,OAE
STU0633,C054,CORE
STU0633,C056,CORE
STU0633,C036,CORE
STU0633,C037,CORE
STU0633,C038,CORE
STU0633,C039,CORE
STU0633,C054,CORE
STU0633,C059,OAE
STU0634,C054,CORE
STU0634,C056,CORE
STU0634,C036,CORE
STU0634,C037,CORE
STU0634,C038,CORE
STU0634,C039,CORE
STU0634,C054,CORE
STU0634,C060,OAE
STU0635,C054,CORE
STU0635,C056,CORE
STU0635,C036,CORE
STU0635,C037,CORE
STU0635,C038,CORE
STU0635,C039,CORE
STU0635,C054,CORE
STU0635,C061,OAE
STU0636,C054,CORE
STU0636,C056,CORE
STU0636,C036,CORE
STU0636,C037,CORE
STU0636,C038,CORE
STU0636,C039,CORE
STU0636,C054,CORE
STU0636,C058,OAE
STU0637,C054,CORE
STU0637,C056,CORE
STU0637,C036,CORE
STU0637,C037,CORE
STU0637,C038,CORE
STU0637,C039,CORE
STU0637,C054,CORE
STU0637,C059,OAE
STU0638,C054,CORE
STU0638,C056,CORE
STU0638,C036,CORE
STU0638,C037,CORE
STU0638,C038,CORE
STU0638,C039,CORE
STU0638,C054,CORE
STU0638,C060,OAE
STU0639,C054,CORE
STU0639,C056,CORE
STU0639,C036,CORE
STU0639,C037,CORE
STU0639,C038,CORE
STU0639,C039,CORE
STU0639,C054,CORE
STU0639,C061,OAE
STU0640,C054,CORE
STU0640,C056,CORE
STU0640,C036,CORE
STU0640,C037,CORE
STU0640,C038,CORE
STU0640,C039,CORE
STU0640,C054,CORE
STU0640,C058,OAE
STU0641,C054,CORE
STU0641,C056,CORE
STU0641,C036,CORE
STU0641,C037,CORE
STU0641,C038,CORE
STU0641,C039,CORE
STU0641,C054,CORE
STU0641,C059,OAE
STU0642,C054,CORE
STU0642,C056,CORE
STU0642,C036,CORE
STU0642,C037,CORE
STU0642,C038,CORE
STU0642,C039,CORE
STU0642,C054,CORE
STU0642,C060,OAE
STU0643,C054,CORE
STU0643,C056,CORE
STU0643,C036,CORE
STU0643,C037,CORE
STU0643,C038,CORE
STU0643,C039,CORE
STU0643,C054,CORE
STU0643,C061,OAE
STU0644,C054,CORE
STU0644,C056,CORE
STU0644,C036,CORE
STU0644,C037,CORE
STU0644,C038,CORE
STU0644,C039,CORE
STU0644,C054,CORE
STU0644,C058,OAE
STU0645,C054,CORE
STU0645,C056,CORE
STU0645,C036,CORE
STU0645,C037,CORE
STU0645,C038,CORE
STU0645,C039,CORE
STU0645,C054,CORE
STU0645,C059,OAE
STU0646,C054,CORE
STU0646,C056,CORE
STU0646,C036,CORE
STU0646,C037,CORE
STU0646,C038,CORE
STU0646,C039,CORE
STU0646,C054,CORE
STU0646,C060,OAE
STU0647,C054,CORE
STU0647,C056,CORE
STU0647,C036,CORE
STU0647,C037,CORE
STU0647,C038,CORE
STU0647,C039,CORE
STU0647,C054,CORE
STU0647,C061,OAE
STU0648,C054,CORE
STU0648,C056,CORE
STU0648,C036,CORE
STU0648,C037,CORE
STU0648,C038,CORE
STU0648,C039,CORE
STU0648,C054,CORE
STU0648,C058,OAE
STU0649,C054,CORE
STU0649,C056,CORE
STU0649,C036,CORE
STU0649,C037,CORE
STU0649,C038,CORE
STU0649,C039,CORE
STU0649,C054,CORE
STU0649,C059,OAE
STU0650,C054,CORE
STU0650,C056,CORE
STU0650,C036,CORE
STU0650,C037,CORE
STU0650,C038,CORE
STU0650,C039,CORE
STU0650,C054,CORE
STU0650,C060,OAE
STU0651,C054,CORE
STU0651,C056,CORE
STU0651,C036,CORE
STU0651,C037,CORE
STU0651,C038,CORE
STU0651,C039,CORE
STU0651,C054,CORE
STU0651,C061,OAE
STU0652,C054,CORE
STU0652,C056,CORE
STU0652,C036,CORE
STU0652,C037,CORE
STU0652,C038,CORE
STU0652,C039,CORE
STU0652,C054,CORE
STU0652,C058,OAE
STU0653,C054,CORE
STU0653,C056,CORE
STU0653,C036,CORE
STU0653,C037,CORE
STU0653,C038,CORE
STU0653,C039,CORE
STU0653,C054,CORE
STU0653,C059,OAE
STU0654,C054,CORE
STU0654,C056,CORE
STU0654,C036,CORE
STU0654,C037,CORE
STU0654,C038,CORE
STU0654,C039,CORE
STU0654,C054,CORE
STU0654,C060,OAE
STU0655,C054,CORE
STU0655,C056,CORE
STU0655,C036,CORE
STU0655,C037,CORE
STU0655,C038,CORE
STU0655,C039,CORE
STU0655,C054,CORE
STU0655,C061,OAE
STU0656,C054,CORE
STU0656,C056,CORE
STU0656,C036,CORE
STU0656,C037,CORE
STU0656,C038,CORE
STU0656,C039,CORE
STU0656,C054,CORE
STU0656,C058,OAE
STU0657,C054,CORE
STU0657,C056,CORE
STU0657,C036,CORE
STU0657,C037,CORE
STU0657,C038,CORE
STU0657,C039,CORE
STU0657,C054,CORE
STU0657,C059,OAE
STU0658,C054,CORE
STU0658,C056,CORE
STU0658,C036,CORE
STU0658,C037,CORE
STU0658,C038,CORE
STU0658,C039,CORE
STU0658,C054,CORE
STU0658,C060,OAE
STU0659,C054,CORE
STU0659,C056,CORE
STU0659,C036,CORE
STU0659,C037,CORE
STU0659,C038,CORE
STU0659,C039,CORE
STU0659,C054,CORE
STU0659,C061,OAE
STU0660,C054,CORE
STU0660,C056,CORE
STU0660,C036,CORE
STU0660,C037,CORE
STU0660,C038,CORE
STU0660,C039,CORE
STU0660,C054,CORE
STU0660,C058,OAE
STU0661,C054,CORE
STU0661,C056,CORE
STU0661,C036,CORE
STU0661,C037,CORE
STU0661,C038,CORE
STU0661,C039,CORE
STU0661,C054,CORE
STU0661,C059,OAE
STU0662,C054,CORE
STU0662,C056,CORE
STU0662,C036,CORE
STU0662,C037,CORE
STU0662,C038,CORE
STU0662,C039,CORE
STU0662,C054,CORE
STU0662,C060,OAE
STU0663,C054,CORE
STU0663,C056,CORE
STU0663,C036,CORE
STU0663,C037,CORE
STU0663,C038,CORE
STU0663,C039,CORE
STU0663,C054,CORE
STU0663,C061,OAE
STU0664,C054,CORE
STU0664,C056,CORE
STU0664,C036,CORE
STU0664,C037,CORE
STU0664,C038,CORE
STU0664,C039,CORE
STU0664,C054,CORE
STU0664,C058,OAE
STU0665,C054,CORE
STU0665,C056,CORE
STU0665,C036,CORE
STU0665,C037,CORE
STU0665,C038,CORE
STU0665,C039,CORE
STU0665,C054,CORE
STU0665,C059,OAE
STU0666,C054,CORE
STU0666,C056,CORE
STU0666,C036,CORE
STU0666,C037,CORE
STU0666,C038,CORE
STU0666,C039,CORE
STU0666,C054,CORE
STU0666,C060,OAE
STU0667,C054,CORE
STU0667,C056,CORE
STU0667,C036,CORE
STU0667,C037,CORE
STU0667,C038,CORE
STU0667,C039,CORE
STU0667,C054,CORE
STU0667,C061,OAE
STU0668,C054,CORE
STU0668,C056,CORE
STU0668,C036,CORE
STU0668,C037,CORE
STU0668,C038,CORE
STU0668,C039,CORE
STU0668,C054,CORE
STU0668,C058,OAE
STU0669,C054,CORE
STU0669,C056,CORE
STU0669,C036,CORE
STU0669,C037,CORE
STU0669,C038,CORE
STU0669,C039,CORE
STU0669,C054,CORE
STU0669,C059,OAE
STU0670,C054,CORE
STU0670,C056,CORE
STU0670,C036,CORE
STU0670,C037,CORE
STU0670,C038,CORE
STU0670,C039,CORE
STU0670,C054,CORE
STU0670,C060,OAE
STU0671,C054,CORE
STU0671,C056,CORE
STU0671,C036,CORE
STU0671,C037,CORE
STU0671,C038,CORE
STU0671,C039,CORE
STU0671,C054,CORE
STU0671,C061,OAE
STU0672,C054,CORE
STU0672,C056,CORE
STU0672,C036,CORE
STU0672,C037,CORE
STU0672,C038,CORE
STU0672,C039,CORE
STU0672,C054,CORE
STU0672,C058,OAE
STU0673,C054,CORE
STU0673,C056,CORE
STU0673,C036,CORE
STU0673,C037,CORE
STU0673,C038,CORE
STU0673,C039,CORE
STU0673,C054,CORE
STU0673,C059,OAE
STU0674,C054,CORE
STU0674,C056,CORE
STU0674,C036,CORE
STU0674,C037,CORE
STU0674,C038,CORE
STU0674,C039,CORE
STU0674,C054,CORE
STU0674,C060,OAE
STU0675,C054,CORE
STU0675,C056,CORE
STU0675,C036,CORE
STU0675,C037,CORE
STU0675,C038,CORE
STU0675,C039,CORE
STU0675,C054,CORE
STU0675,C061,OAE
STU0676,C054,CORE
STU0676,C056,CORE
STU0676,C036,CORE
STU0676,C037,CORE
STU0676,C038,CORE
STU0676,C039,CORE
STU0676,C054,CORE
STU0676,C058,OAE
STU0677,C054,CORE
STU0677,C056,CORE
STU0677,C036,CORE
STU0677,C037,CORE
STU0677,C038,CORE
STU0677,C039,CORE
STU0677,C054,CORE
STU0677,C059,OAE
STU0678,C054,CORE
STU0678,C056,CORE
STU0678,C036,CORE
STU0678,C037,CORE
STU0678,C038,CORE
STU0678,C039,CORE
STU0678,C054,CORE
STU0678,C060,OAE
STU0679,C054,CORE
STU0679,C056,CORE
STU0679,C036,CORE
STU0679,C037,CORE
STU0679,C038,CORE
STU0679,C039,CORE
STU0679,C054,CORE
STU0679,C061,OAE
STU0680,C054,CORE
STU0680,C056,CORE
STU0680,C036,CORE
STU0680,C037,CORE
STU0680,C038,CORE
STU0680,C039,CORE
STU0680,C054,CORE
STU0680,C058,OAE
STU0681,C054,CORE
STU0681,C056,CORE
STU0681,C036,CORE
STU0681,C037,CORE
STU0681,C038,CORE
STU0681,C039,CORE
STU0681,C054,CORE
STU0681,C059,OAE
STU0682,C054,CORE
STU0682,C056,CORE
STU0682,C036,CORE
STU0682,C037,CORE
STU0682,C038,CORE
STU0682,C039,CORE
STU0682,C054,CORE
STU0682,C060,OAE
STU0683,C054,CORE
STU0683,C056,CORE
STU0683,C036,CORE
STU0683,C037,CORE
STU0683,C038,CORE
STU0683,C039,CORE
STU0683,C054,CORE
STU0683,C061,OAE
STU0684,C054,CORE
STU0684,C056,CORE
STU0684,C036,CORE
STU0684,C037,CORE
STU0684,C038,CORE
STU0684,C039,CORE
STU0684,C054,CORE
STU0684,C058,OAE
STU0685,C054,CORE
STU0685,C056,CORE
STU0685,C036,CORE
STU0685,C037,CORE
STU0685,C038,CORE
STU0685,C039,CORE
STU0685,C054,CORE
STU0685,C059,OAE
STU0686,C054,CORE
STU0686,C056,CORE
STU0686,C036,CORE
STU0686,C037,CORE
STU0686,C038,CORE
STU0686,C039,CORE
STU0686,C054,CORE
STU0686,C060,OAE
STU0687,C054,CORE
STU0687,C056,CORE
STU0687,C036,CORE
STU0687,C037,CORE
STU0687,C038,CORE
STU0687,C039,CORE
STU0687,C054,CORE
STU0687,C061,OAE
STU0688,C054,CORE
STU0688,C056,CORE
STU0688,C036,CORE
STU0688,C037,CORE
STU0688,C038,CORE
STU0688,C039,CORE
STU0688,C054,CORE
STU0688,C058,OAE
STU0689,C054,CORE
STU0689,C056,CORE
STU0689,C036,CORE
STU0689,C037,CORE
STU0689,C038,CORE
STU0689,C039,CORE
STU0689,C054,CORE
STU0689,C059,OAE
STU0690,C054,CORE
STU0690,C056,CORE
STU0690,C036,CORE
STU0690,C037,CORE
STU0690,C038,CORE
STU0690,C039,CORE
STU0690,C054,CORE
STU0690,C060,OAE
STU0691,C054,CORE
STU0691,C056,CORE
STU0691,C047,CORE
STU0691,C048,CORE
STU0691,C049,CORE
STU0691,C050,CORE
STU0691,C054,CORE
STU0691,C061,OAE
STU0692,C054,CORE
STU0692,C056,CORE
STU0692,C047,CORE
STU0692,C048,CORE
STU0692,C049,CORE
STU0692,C050,CORE
STU0692,C054,CORE
STU0692,C058,OAE
STU0693,C054,CORE
STU0693,C056,CORE
STU0693,C047,CORE
STU0693,C048,CORE
STU0693,C049,CORE
STU0693,C050,CORE
STU0693,C054,CORE
STU0693,C059,OAE
STU0694,C054,CORE
STU0694,C056,CORE
STU0694,C047,CORE
STU0694,C048,CORE
STU0694,C049,CORE
STU0694,C050,CORE
STU0694,C054,CORE
STU0694,C060,OAE
STU0695,C054,CORE
STU0695,C056,CORE
STU0695,C047,CORE
STU0695,C048,CORE
STU0695,C049,CORE
STU0695,C050,CORE
STU0695,C054,CORE
STU0695,C061,OAE
STU0696,C054,CORE
STU0696,C056,CORE
STU0696,C047,CORE
STU0696,C048,CORE
STU0696,C049,CORE
STU0696,C050,CORE
STU0696,C054,CORE
STU0696,C058,OAE
STU0697,C054,CORE
STU0697,C056,CORE
STU0697,C047,CORE
STU0697,C048,CORE
STU0697,C049,CORE
STU0697,C050,CORE
STU0697,C054,CORE
STU0697,C059,OAE
STU0698,C054,CORE
STU0698,C056,CORE
STU0698,C047,CORE
STU0698,C048,CORE
STU0698,C049,CORE
STU0698,C050,CORE
STU0698,C054,CORE
STU0698,C060,OAE
STU0699,C054,CORE
STU0699,C056,CORE
STU0699,C047,CORE
STU0699,C048,CORE
STU0699,C049,CORE
STU0699,C050,CORE
STU0699,C054,CORE
STU0699,C061,OAE
STU0700,C054,CORE
STU0700,C056,CORE
STU0700,C047,CORE
STU0700,C048,CORE
STU0700,C049,CORE
STU0700,C050,CORE
STU0700,C054,CORE
STU0700,C058,OAE
STU0701,C054,CORE
STU0701,C056,CORE
STU0701,C047,CORE
STU0701,C048,CORE
STU0701,C049,CORE
STU0701,C050,CORE
STU0701,C054,CORE
STU0701,C059,OAE
STU0702,C054,CORE
STU0702,C056,CORE
STU0702,C047,CORE
STU0702,C048,CORE
STU0702,C049,CORE
STU0702,C050,CORE
STU0702,C054,CORE
STU0702,C060,OAE
STU0703,C054,CORE
STU0703,C056,CORE
STU0703,C047,CORE
STU0703,C048,CORE
STU0703,C049,CORE
STU0703,C050,CORE
STU0703,C054,CORE
STU0703,C061,OAE
STU0704,C054,CORE
STU0704,C056,CORE
STU0704,C047,CORE
STU0704,C048,CORE
STU0704,C049,CORE
STU0704,C050,CORE
STU0704,C054,CORE
STU0704,C058,OAE
STU0705,C054,CORE
STU0705,C056,CORE
STU0705,C047,CORE
STU0705,C048,CORE
STU0705,C049,CORE
STU0705,C050,CORE
STU0705,C054,CORE
STU0705,C059,OAE
STU0706,C054,CORE
STU0706,C056,CORE
STU0706,C047,CORE
STU0706,C048,CORE
STU0706,C049,CORE
STU0706,C050,CORE
STU0706,C054,CORE
STU0706,C060,OAE
STU0707,C054,CORE
STU0707,C056,CORE
STU0707,C047,CORE
STU0707,C048,CORE
STU0707,C049,CORE
STU0707,C050,CORE
STU0707,C054,CORE
STU0707,C061,OAE
STU0708,C054,CORE
STU0708,C056,CORE
STU0708,C047,CORE
STU0708,C048,CORE
STU0708,C049,CORE
STU0708,C050,CORE
STU0708,C054,CORE
STU0708,C058,OAE
STU0709,C054,CORE
STU0709,C056,CORE
STU0709,C047,CORE
STU0709,C048,CORE
STU0709,C049,CORE
STU0709,C050,CORE
STU0709,C054,CORE
STU0709,C059,OAE
STU0710,C054,CORE
STU0710,C056,CORE
STU0710,C047,CORE
STU0710,C048,CORE
STU0710,C049,CORE
STU0710,C050,CORE
STU0710,C054,CORE
STU0710,C060,OAE
STU0711,C054,CORE
STU0711,C056,CORE
STU0711,C047,CORE
STU0711,C048,CORE
STU0711,C049,CORE
STU0711,C050,CORE
STU0711,C054,CORE
STU0711,C061,OAE
STU0712,C054,CORE
STU0712,C056,CORE
STU0712,C047,CORE
STU0712,C048,CORE
STU0712,C049,CORE
STU0712,C050,CORE
STU0712,C054,CORE
STU0712,C058,OAE
STU0713,C054,CORE
STU0713,C056,CORE
STU0713,C047,CORE
STU0713,C048,CORE
STU0713,C049,CORE
STU0713,C050,CORE
STU0713,C054,CORE
STU0713,C059,OAE
STU0714,C054,CORE
STU0714,C056,CORE
STU0714,C047,CORE
STU0714,C048,CORE
STU0714,C049,CORE
STU0714,C050,CORE
STU0714,C054,CORE
STU0714,C060,OAE
STU0715,C054,CORE
STU0715,C056,CORE
STU0715,C047,CORE
STU0715,C048,CORE
STU0715,C049,CORE
STU0715,C050,CORE
STU0715,C054,CORE
STU0715,C061,OAE
STU0716,C054,CORE
STU0716,C056,CORE
STU0716,C047,CORE
STU0716,C048,CORE
STU0716,C049,CORE
STU0716,C050,CORE
STU0716,C054,CORE
STU0716,C058,OAE
STU0717,C054,CORE
STU0717,C056,CORE
STU0717,C047,CORE
STU0717,C048,CORE
STU0717,C049,CORE
STU0717,C050,CORE
STU0717,C054,CORE
STU0717,C059,OAE
STU0718,C054,CORE
STU0718,C056,CORE
STU0718,C047,CORE
STU0718,C048,CORE
STU0718,C049,CORE
STU0718,C050,CORE
STU0718,C054,CORE
STU0718,C060,OAE
STU0719,C054,CORE
STU0719,C056,CORE
STU0719,C047,CORE
STU0719,C048,CORE
STU0719,C049,CORE
STU0719,C050,CORE
STU0719,C054,CORE
STU0719,C061,OAE
STU0720,C054,CORE
STU0720,C056,CORE
STU0720,C047,CORE
STU0720,C048,CORE
STU0720,C049,CORE
STU0720,C050,CORE
STU0720,C054,CORE
STU0720,C058,OAE
STU0721,C054,CORE
STU0721,C056,CORE
STU0721,C047,CORE
STU0721,C048,CORE
STU0721,C049,CORE
STU0721,C050,CORE
STU0721,C054,CORE
STU0721,C059,OAE
STU0722,C054,CORE
STU0722,C056,CORE
STU0722,C047,CORE
STU0722,C048,CORE
STU0722,C049,CORE
STU0722,C050,CORE
STU0722,C054,CORE
STU0722,C060,OAE
STU0723,C054,CORE
STU0723,C056,CORE
STU0723,C047,CORE
STU0723,C048,CORE
STU0723,C049,CORE
STU0723,C050,CORE
STU0723,C054,CORE
STU0723,C061,OAE
STU0724,C054,CORE
STU0724,C056,CORE
STU0724,C047,CORE
STU0724,C048,CORE
STU0724,C049,CORE
STU0724,C050,CORE
STU0724,C054,CORE
STU0724,C058,OAE
STU0725,C054,CORE
STU0725,C056,CORE
STU0725,C047,CORE
STU0725,C048,CORE
STU0725,C049,CORE
STU0725,C050,CORE
STU0725,C054,CORE
STU0725,C059,OAE
STU0726,C054,CORE
STU0726,C056,CORE
STU0726,C047,CORE
STU0726,C048,CORE
STU0726,C049,CORE
STU0726,C050,CORE
STU0726,C054,CORE
STU0726,C060,OAE
STU0727,C054,CORE
STU0727,C056,CORE
STU0727,C047,CORE
STU0727,C048,CORE
STU0727,C049,CORE
STU0727,C050,CORE
STU0727,C054,CORE
STU0727,C061,OAE
STU0728,C054,CORE
STU0728,C056,CORE
STU0728,C047,CORE
STU0728,C048,CORE
STU0728,C049,CORE
STU0728,C050,CORE
STU0728,C054,CORE
STU0728,C058,OAE
STU0729,C054,CORE
STU0729,C056,CORE
STU0729,C047,CORE
STU0729,C048,CORE
STU0729,C049,CORE
STU0729,C050,CORE
STU0729,C054,CORE
STU0729,C059,OAE
STU0730,C054,CORE
STU0730,C056,CORE
STU0730,C047,CORE
STU0730,C048,CORE
STU0730,C049,CORE
STU0730,C050,CORE
STU0730,C054,CORE
STU0730,C060,OAE
STU0731,C054,CORE
STU0731,C056,CORE
STU0731,C047,CORE
STU0731,C048,CORE
STU0731,C049,CORE
STU0731,C050,CORE
STU0731,C054,CORE
STU0731,C061,OAE
STU0732,C054,CORE
STU0732,C056,CORE
STU0732,C047,CORE
STU0732,C048,CORE
STU0732,C049,CORE
STU0732,C050,CORE
STU0732,C054,CORE
STU0732,C058,OAE
STU0733,C054,CORE
STU0733,C056,CORE
STU0733,C047,CORE
STU0733,C048,CORE
STU0733,C049,CORE
STU0733,C050,CORE
STU0733,C054,CORE
STU0733,C059,OAE
STU0734,C054,CORE
STU0734,C056,CORE
STU0734,C047,CORE
STU0734,C048,CORE
STU0734,C049,CORE
STU0734,C050,CORE
STU0734,C054,CORE
STU0734,C060,OAE
STU0735,C054,CORE
STU0735,C056,CORE
STU0735,C047,CORE
STU0735,C048,CORE
STU0735,C049,CORE
STU0735,C050,CORE
STU0735,C054,CORE
STU0735,C061,OAE
STU0736,C054,CORE
STU0736,C056,CORE
STU0736,C047,CORE
STU0736,C048,CORE
STU0736,C049,CORE
STU0736,C050,CORE
STU0736,C054,CORE
STU0736,C058,OAE
STU0737,C054,CORE
STU0737,C056,CORE
STU0737,C047,CORE
STU0737,C048,CORE
STU0737,C049,CORE
STU0737,C050,CORE
STU0737,C054,CORE
STU0737,C059,OAE
STU0738,C054,CORE
STU0738,C056,CORE
STU0738,C047,CORE
STU0738,C048,CORE
STU0738,C049,CORE
STU0738,C050,CORE
STU0738,C054,CORE
STU0738,C060,OAE
STU0739,C054,CORE
STU0739,C056,CORE
STU0739,C047,CORE
STU0739,C048,CORE
STU0739,C049,CORE
STU0739,C050,CORE
STU0739,C054,CORE
STU0739,C061,OAE
STU0740,C054,CORE
STU0740,C056,CORE
STU0740,C047,CORE
STU0740,C048,CORE
STU0740,C049,CORE
STU0740,C050,CORE
STU0740,C054,CORE
STU0740,C058,OAE
STU0741,C054,CORE
STU0741,C056,CORE
STU0741,C047,CORE
STU0741,C048,CORE
STU0741,C049,CORE
STU0741,C050,CORE
STU0741,C054,CORE
STU0741,C059,OAE
STU0742,C054,CORE
STU0742,C056,CORE
STU0742,C047,CORE
STU0742,C048,CORE
STU0742,C049,CORE
STU0742,C050,CORE
STU0742,C054,CORE
STU0742,C060,OAE
STU0743,C054,CORE
STU0743,C056,CORE
STU0743,C047,CORE
STU0743,C048,CORE
STU0743,C049,CORE
STU0743,C050,CORE
STU0743,C054,CORE
STU0743,C061,OAE
STU0744,C054,CORE
STU0744,C056,CORE
STU0744,C047,CORE
STU0744,C048,CORE
STU0744,C049,CORE
STU0744,C050,CORE
STU0744,C054,CORE
STU0744,C058,OAE
STU0745,C054,CORE
STU0745,C056,CORE
STU0745,C047,CORE
STU0745,C048,CORE
STU0745,C049,CORE
STU0745,C050,CORE
STU0745,C054,CORE
STU0745,C059,OAE
STU0746,C054,CORE
STU0746,C056,CORE
STU0746,C047,CORE
STU0746,C048,CORE
STU0746,C049,CORE
STU0746,C050,CORE
STU0746,C054,CORE
STU0746,C060,OAE
STU0747,C054,CORE
STU0747,C056,CORE
STU0747,C047,CORE
STU0747,C048,CORE
STU0747,C049,CORE
STU0747,C050,CORE
STU0747,C054,CORE
STU0747,C061,OAE
STU0748,C054,CORE
STU0748,C056,CORE
STU0748,C047,CORE
STU0748,C048,CORE
STU0748,C049,CORE
STU0748,C050,CORE
STU0748,C054,CORE
STU0748,C058,OAE
STU0749,C054,CORE
STU0749,C056,CORE
STU0749,C047,CORE
STU0749,C048,CORE
STU0749,C049,CORE
STU0749,C050,CORE
STU0749,C054,CORE
STU0749,C059,OAE
STU0750,C054,CORE
STU0750,C056,CORE
STU0750,C047,CORE
STU0750,C048,CORE
STU0750,C049,CORE
STU0750,C050,CORE
STU0750,C054,CORE
STU0750,C060,OAE
STU0751,C055,CORE
STU0751,C057,CORE
STU0751,C018,CORE
STU0751,C019,CORE
STU0751,C020,CORE
STU0751,C055,CORE
STU0751,C061,OAE
STU0751,C063,PCE
STU0752,C055,CORE
STU0752,C057,CORE
STU0752,C018,CORE
STU0752,C019,CORE
STU0752,C020,CORE
STU0752,C055,CORE
STU0752,C058,OAE
STU0752,C062,PCE
STU0753,C055,CORE
STU0753,C057,CORE
STU0753,C018,CORE
STU0753,C019,CORE
STU0753,C020,CORE
STU0753,C055,CORE
STU0753,C059,OAE
STU0753,C063,PCE
STU0754,C055,CORE
STU0754,C057,CORE
STU0754,C018,CORE
STU0754,C019,CORE
STU0754,C020,CORE
STU0754,C055,CORE
STU0754,C060,OAE
STU0754,C062,PCE
STU0755,C055,CORE
STU0755,C057,CORE
STU0755,C018,CORE
STU0755,C019,CORE
STU0755,C020,CORE
STU0755,C055,CORE
STU0755,C061,OAE
STU0755,C063,PCE
STU0756,C055,CORE
STU0756,C057,CORE
STU0756,C018,CORE
STU0756,C019,CORE
STU0756,C020,CORE
STU0756,C055,CORE
STU0756,C058,OAE
STU0756,C062,PCE
STU0757,C055,CORE
STU0757,C057,CORE
STU0757,C018,CORE
STU0757,C019,CORE
STU0757,C020,CORE
STU0757,C055,CORE
STU0757,C059,OAE
STU0757,C063,PCE
STU0758,C055,CORE
STU0758,C057,CORE
STU0758,C018,CORE
STU0758,C019,CORE
STU0758,C020,CORE
STU0758,C055,CORE
STU0758,C060,OAE
STU0758,C062,PCE
STU0759,C055,CORE
STU0759,C057,CORE
STU0759,C018,CORE
STU0759,C019,CORE
STU0759,C020,CORE
STU0759,C055,CORE
STU0759,C061,OAE
STU0759,C063,PCE
STU0760,C055,CORE
STU0760,C057,CORE
STU0760,C018,CORE
STU0760,C019,CORE
STU0760,C020,CORE
STU0760,C055,CORE
STU0760,C058,OAE
STU0760,C062,PCE
STU0761,C055,CORE
STU0761,C057,CORE
STU0761,C018,CORE
STU0761,C019,CORE
STU0761,C020,CORE
STU0761,C055,CORE
STU0761,C059,OAE
STU0761,C063,PCE
STU0762,C055,CORE
STU0762,C057,CORE
STU0762,C018,CORE
STU0762,C019,CORE
STU0762,C020,CORE
STU0762,C055,CORE
STU0762,C060,OAE
STU0762,C062,PCE
STU0763,C055,CORE
STU0763,C057,CORE
STU0763,C018,CORE
STU0763,C019,CORE
STU0763,C020,CORE
STU0763,C055,CORE
STU0763,C061,OAE
STU0763,C063,PCE
STU0764,C055,CORE
STU0764,C057,CORE
STU0764,C018,CORE
STU0764,C019,CORE
STU0764,C020,CORE
STU0764,C055,CORE
STU0764,C058,OAE
STU0764,C062,PCE
STU0765,C055,CORE
STU0765,C057,CORE
STU0765,C018,CORE
STU0765,C019,CORE
STU0765,C020,CORE
STU0765,C055,CORE
STU0765,C059,OAE
STU0765,C063,PCE
STU0766,C055,CORE
STU0766,C057,CORE
STU0766,C018,CORE
STU0766,C019,CORE
STU0766,C020,CORE
STU0766,C055,CORE
STU0766,C060,OAE
STU0766,C062,PCE
STU0767,C055,CORE
STU0767,C057,CORE
STU0767,C018,CORE
STU0767,C019,CORE
STU0767,C020,CORE
STU0767,C055,CORE
STU0767,C061,OAE
STU0767,C063,PCE
STU0768,C055,CORE
STU0768,C057,CORE
STU0768,C018,CORE
STU0768,C019,CORE
STU0768,C020,CORE
STU0768,C055,CORE
STU0768,C058,OAE
STU0768,C062,PCE
STU0769,C055,CORE
STU0769,C057,CORE
STU0769,C018,CORE
STU0769,C019,CORE
STU0769,C020,CORE
STU0769,C055,CORE
STU0769,C059,OAE
STU0769,C063,PCE
STU0770,C055,CORE
STU0770,C057,CORE
STU0770,C018,CORE
STU0770,C019,CORE
STU0770,C020,CORE
STU0770,C055,CORE
STU0770,C060,OAE
STU0770,C062,PCE
STU0771,C055,CORE
STU0771,C057,CORE
STU0771,C018,CORE
STU0771,C019,CORE
STU0771,C020,CORE
STU0771,C055,CORE
STU0771,C061,OAE
STU0771,C063,PCE
STU0772,C055,CORE
STU0772,C057,CORE
STU0772,C018,CORE
STU0772,C019,CORE
STU0772,C020,CORE
STU0772,C055,CORE
STU0772,C058,OAE
STU0772,C062,PCE
STU0773,C055,CORE
STU0773,C057,CORE
STU0773,C018,CORE
STU0773,C019,CORE
STU0773,C020,CORE
STU0773,C055,CORE
STU0773,C059,OAE
STU0773,C063,PCE
STU0774,C055,CORE
STU0774,C057,CORE
STU0774,C018,CORE
STU0774,C019,CORE
STU0774,C020,CORE
STU0774,C055,CORE
STU0774,C060,OAE
STU0774,C062,PCE
STU0775,C055,CORE
STU0775,C057,CORE
STU0775,C018,CORE
STU0775,C019,CORE
STU0775,C020,CORE
STU0775,C055,CORE
STU0775,C061,OAE
STU0775,C063,PCE
STU0776,C055,CORE
STU0776,C057,CORE
STU0776,C018,CORE
STU0776,C019,CORE
STU0776,C020,CORE
STU0776,C055,CORE
STU0776,C058,OAE
STU0776,C062,PCE
STU0777,C055,CORE
STU0777,C057,CORE
STU0777,C018,CORE
STU0777,C019,CORE
STU0777,C020,CORE
STU0777,C055,CORE
STU0777,C059,OAE
STU0777,C063,PCE
STU0778,C055,CORE
STU0778,C057,CORE
STU0778,C018,CORE
STU0778,C019,CORE
STU0778,C020,CORE
STU0778,C055,CORE
STU0778,C060,OAE
STU0778,C062,PCE
STU0779,C055,CORE
STU0779,C057,CORE
STU0779,C018,CORE
STU0779,C019,CORE
STU0779,C020,CORE
STU0779,C055,CORE
STU0779,C061,OAE
STU0779,C063,PCE
STU0780,C055,CORE
STU0780,C057,CORE
STU0780,C018,CORE
STU0780,C019,CORE
STU0780,C020,CORE
STU0780,C055,CORE
STU0780,C058,OAE
STU0780,C062,PCE
STU0781,C055,CORE
STU0781,C057,CORE
STU0781,C018,CORE
STU0781,C019,CORE
STU0781,C020,CORE
STU0781,C055,CORE
STU0781,C059,OAE
STU0781,C063,PCE
STU0782,C055,CORE
STU0782,C057,CORE
STU0782,C018,CORE
STU0782,C019,CORE
STU0782,C020,CORE
STU0782,C055,CORE
STU0782,C060,OAE
STU0782,C062,PCE
STU0783,C055,CORE
STU0783,C057,CORE
STU0783,C018,CORE
STU0783,C019,CORE
STU0783,C020,CORE
STU0783,C055,CORE
STU0783,C061,OAE
STU0783,C063,PCE
STU0784,C055,CORE
STU0784,C057,CORE
STU0784,C018,CORE
STU0784,C019,CORE
STU0784,C020,CORE
STU0784,C055,CORE
STU0784,C058,OAE
STU0784,C062,PCE
STU0785,C055,CORE
STU0785,C057,CORE
STU0785,C018,CORE
STU0785,C019,CORE
STU0785,C020,CORE
STU0785,C055,CORE
STU0785,C059,OAE
STU0785,C063,PCE
STU0786,C055,CORE
STU0786,C057,CORE
STU0786,C018,CORE
STU0786,C019,CORE
STU0786,C020,CORE
STU0786,C055,CORE
STU0786,C060,OAE
STU0786,C062,PCE
STU0787,C055,CORE
STU0787,C057,CORE
STU0787,C018,CORE
STU0787,C019,CORE
STU0787,C020,CORE
STU0787,C055,CORE
STU0787,C061,OAE
STU0787,C063,PCE
STU0788,C055,CORE
STU0788,C057,CORE
STU0788,C018,CORE
STU0788,C019,CORE
STU0788,C020,CORE
STU0788,C055,CORE
STU0788,C058,OAE
STU0788,C062,PCE
STU0789,C055,CORE
STU0789,C057,CORE
STU0789,C018,CORE
STU0789,C019,CORE
STU0789,C020,CORE
STU0789,C055,CORE
STU0789,C059,OAE
STU0789,C063,PCE
STU0790,C055,CORE
STU0790,C057,CORE
STU0790,C018,CORE
STU0790,C019,CORE
STU0790,C020,CORE
STU0790,C055,CORE
STU0790,C060,OAE
STU0790,C062,PCE
STU0791,C055,CORE
STU0791,C057,CORE
STU0791,C018,CORE
STU0791,C019,CORE
STU0791,C020,CORE
STU0791,C055,CORE
STU0791,C061,OAE
STU0791,C063,PCE
STU0792,C055,CORE
STU0792,C057,CORE
STU0792,C018,CORE
STU0792,C019,CORE
STU0792,C020,CORE
STU0792,C055,CORE
STU0792,C058,OAE
STU0792,C062,PCE
STU0793,C055,CORE
STU0793,C057,CORE
STU0793,C018,CORE
STU0793,C019,CORE
STU0793,C020,CORE
STU0793,C055,CORE
STU0793,C059,OAE
STU0793,C063,PCE
STU0794,C055,CORE
STU0794,C057,CORE
STU0794,C018,CORE
STU0794,C019,CORE
STU0794,C020,CORE
STU0794,C055,CORE
STU0794,C060,OAE
STU0794,C062,PCE
STU0795,C055,CORE
STU0795,C057,CORE
STU0795,C018,CORE
STU0795,C019,CORE
STU0795,C020,CORE
STU0795,C055,CORE
STU0795,C061,OAE
STU0795,C063,PCE
STU0796,C055,CORE
STU0796,C057,CORE
STU0796,C018,CORE
STU0796,C019,CORE
STU0796,C020,CORE
STU0796,C055,CORE
STU0796,C058,OAE
STU0796,C062,PCE
STU0797,C055,CORE
STU0797,C057,CORE
STU0797,C018,CORE
STU0797,C019,CORE
STU0797,C020,CORE
STU0797,C055,CORE
STU0797,C059,OAE
STU0797,C063,PCE
STU0798,C055,CORE
STU0798,C057,CORE
STU0798,C018,CORE
STU0798,C019,CORE
STU0798,C020,CORE
STU0798,C055,CORE
STU0798,C060,OAE
STU0798,C062,PCE
STU0799,C055,CORE
STU0799,C057,CORE
STU0799,C018,CORE
STU0799,C019,CORE
STU0799,C020,CORE
STU0799,C055,CORE
STU0799,C061,OAE
STU0799,C063,PCE
STU0800,C055,CORE
STU0800,C057,CORE
STU0800,C018,CORE
STU0800,C019,CORE
STU0800,C020,CORE
STU0800,C055,CORE
STU0800,C058,OAE
STU0800,C062,PCE
STU0801,C055,CORE
STU0801,C057,CORE
STU0801,C018,CORE
STU0801,C019,CORE
STU0801,C020,CORE
STU0801,C055,CORE
STU0801,C059,OAE
STU0801,C063,PCE
STU0802,C055,CORE
STU0802,C057,CORE
STU0802,C018,CORE
STU0802,C019,CORE
STU0802,C020,CORE
STU0802,C055,CORE
STU0802,C060,OAE
STU0802,C062,PCE
STU0803,C055,CORE
STU0803,C057,CORE
STU0803,C018,CORE
STU0803,C019,CORE
STU0803,C020,CORE
STU0803,C055,CORE
STU0803,C061,OAE
STU0803,C063,PCE
STU0804,C055,CORE
STU0804,C057,CORE
STU0804,C018,CORE
STU0804,C019,CORE
STU0804,C020,CORE
STU0804,C055,CORE
STU0804,C058,OAE
STU0804,C062,PCE
STU0805,C055,CORE
STU0805,C057,CORE
STU0805,C018,CORE
STU0805,C019,CORE
STU0805,C020,CORE
STU0805,C055,CORE
STU0805,C059,OAE
STU0805,C063,PCE
STU0806,C055,CORE
STU0806,C057,CORE
STU0806,C018,CORE
STU0806,C019,CORE
STU0806,C020,CORE
STU0806,C055,CORE
STU0806,C060,OAE
STU0806,C062,PCE
STU0807,C055,CORE
STU0807,C057,CORE
STU0807,C018,CORE
STU0807,C019,CORE
STU0807,C020,CORE
STU0807,C055,CORE
STU0807,C061,OAE
STU0807,C063,PCE
STU0808,C055,CORE
STU0808,C057,CORE
STU0808,C018,CORE
STU0808,C019,CORE
STU0808,C020,CORE
STU0808,C055,CORE
STU0808,C058,OAE
STU0808,C062,PCE
STU0809,C055,CORE
STU0809,C057,CORE
STU0809,C018,CORE
STU0809,C019,CORE
STU0809,C020,CORE
STU0809,C055,CORE
STU0809,C059,OAE
STU0809,C063,PCE
STU0810,C055,CORE
STU0810,C057,CORE
STU0810,C018,CORE
STU0810,C019,CORE
STU0810,C020,CORE
STU0810,C055,CORE
STU0810,C060,OAE
STU0810,C062,PCE
STU0811,C055,CORE
STU0811,C057,CORE
STU0811,C018,CORE
STU0811,C019,CORE
STU0811,C020,CORE
STU0811,C055,CORE
STU0811,C061,OAE
STU0811,C063,PCE
STU0812,C055,CORE
STU0812,C057,CORE
STU0812,C018,CORE
STU0812,C019,CORE
STU0812,C020,CORE
STU0812,C055,CORE
STU0812,C058,OAE
STU0812,C062,PCE
STU0813,C055,CORE
STU0813,C057,CORE
STU0813,C018,CORE
STU0813,C019,CORE
STU0813,C020,CORE
STU0813,C055,CORE
STU0813,C059,OAE
STU0813,C063,PCE
STU0814,C055,CORE
STU0814,C057,CORE
STU0814,C018,CORE
STU0814,C019,CORE
STU0814,C020,CORE
STU0814,C055,CORE
STU0814,C060,OAE
STU0814,C062,PCE
STU0815,C055,CORE
STU0815,C057,CORE
STU0815,C018,CORE
STU0815,C019,CORE
STU0815,C020,CORE
STU0815,C055,CORE
STU0815,C061,OAE
STU0815,C063,PCE
STU0816,C055,CORE
STU0816,C057,CORE
STU0816,C029,CORE
STU0816,C030,CORE
STU0816,C031,CORE
STU0816,C055,CORE
STU0816,C058,OAE
STU0816,C064,PCE
STU0817,C055,CORE
STU0817,C057,CORE
STU0817,C029,CORE
STU0817,C030,CORE
STU0817,C031,CORE
STU0817,C055,CORE
STU0817,C059,OAE
STU0817,C061,PCE
STU0818,C055,CORE
STU0818,C057,CORE
STU0818,C029,CORE
STU0818,C030,CORE
STU0818,C031,CORE
STU0818,C055,CORE
STU0818,C060,OAE
STU0818,C064,PCE
STU0819,C055,CORE
STU0819,C057,CORE
STU0819,C029,CORE
STU0819,C030,CORE
STU0819,C031,CORE
STU0819,C055,CORE
STU0819,C061,OAE
STU0819,C061,PCE
STU0820,C055,CORE
STU0820,C057,CORE
STU0820,C029,CORE
STU0820,C030,CORE
STU0820,C031,CORE
STU0820,C055,CORE
STU0820,C058,OAE
STU0820,C064,PCE
STU0821,C055,CORE
STU0821,C057,CORE
STU0821,C029,CORE
STU0821,C030,CORE
STU0821,C031,CORE
STU0821,C055,CORE
STU0821,C059,OAE
STU0821,C061,PCE
STU0822,C055,CORE
STU0822,C057,CORE
STU0822,C029,CORE
STU0822,C030,CORE
STU0822,C031,CORE
STU0822,C055,CORE
STU0822,C060,OAE
STU0822,C064,PCE
STU0823,C055,CORE
STU0823,C057,CORE
STU0823,C029,CORE
STU0823,C030,CORE
STU0823,C031,CORE
STU0823,C055,CORE
STU0823,C061,OAE
STU0823,C061,PCE
STU0824,C055,CORE
STU0824,C057,CORE
STU0824,C029,CORE
STU0824,C030,CORE
STU0824,C031,CORE
STU0824,C055,CORE
STU0824,C058,OAE
STU0824,C064,PCE
STU0825,C055,CORE
STU0825,C057,CORE
STU0825,C029,CORE
STU0825,C030,CORE
STU0825,C031,CORE
STU0825,C055,CORE
STU0825,C059,OAE
STU0825,C061,PCE
STU0826,C055,CORE
STU0826,C057,CORE
STU0826,C029,CORE
STU0826,C030,CORE
STU0826,C031,CORE
STU0826,C055,CORE
STU0826,C060,OAE
STU0826,C064,PCE
STU0827,C055,CORE
STU0827,C057,CORE
STU0827,C029,CORE
STU0827,C030,CORE
STU0827,C031,CORE
STU0827,C055,CORE
STU0827,C061,OAE
STU0827,C061,PCE
STU0828,C055,CORE
STU0828,C057,CORE
STU0828,C029,CORE
STU0828,C030,CORE
STU0828,C031,CORE
STU0828,C055,CORE
STU0828,C058,OAE
STU0828,C064,PCE
STU0829,C055,CORE
STU0829,C057,CORE
STU0829,C029,CORE
STU0829,C030,CORE
STU0829,C031,CORE
STU0829,C055,CORE
STU0829,C059,OAE
STU0829,C061,PCE
STU0830,C055,CORE
STU0830,C057,CORE
STU0830,C029,CORE
STU0830,C030,CORE
STU0830,C031,CORE
STU0830,C055,CORE
STU0830,C060,OAE
STU0830,C064,PCE
STU0831,C055,CORE
STU0831,C057,CORE
STU0831,C029,CORE
STU0831,C030,CORE
STU0831,C031,CORE
STU0831,C055,CORE
STU0831,C061,OAE
STU0831,C061,PCE
STU0832,C055,CORE
STU0832,C057,CORE
STU0832,C029,CORE
STU0832,C030,CORE
STU0832,C031,CORE
STU0832,C055,CORE
STU0832,C058,OAE
STU0832,C064,PCE
STU0833,C055,CORE
STU0833,C057,CORE
STU0833,C029,CORE
STU0833,C030,CORE
STU0833,C031,CORE
STU0833,C055,CORE
STU0833,C059,OAE
STU0833,C061,PCE
STU0834,C055,CORE
STU0834,C057,CORE
STU0834,C029,CORE
STU0834,C030,CORE
STU0834,C031,CORE
STU0834,C055,CORE
STU0834,C060,OAE
STU0834,C064,PCE
STU0835,C055,CORE
STU0835,C057,CORE
STU0835,C029,CORE
STU0835,C030,CORE
STU0835,C031,CORE
STU0835,C055,CORE
STU0835,C061,OAE
STU0835,C061,PCE
STU0836,C055,CORE
STU0836,C057,CORE
STU0836,C029,CORE
STU0836,C030,CORE
STU0836,C031,CORE
STU0836,C055,CORE
STU0836,C058,OAE
STU0836,C064,PCE
STU0837,C055,CORE
STU0837,C057,CORE
STU0837,C029,CORE
STU0837,C030,CORE
STU0837,C031,CORE
STU0837,C055,CORE
STU0837,C059,OAE
STU0837,C061,PCE
STU0838,C055,CORE
STU0838,C057,CORE
STU0838,C029,CORE
STU0838,C030,CORE
STU0838,C031,CORE
STU0838,C055,CORE
STU0838,C060,OAE
STU0838,C064,PCE
STU0839,C055,CORE
STU0839,C057,CORE
STU0839,C029,CORE
STU0839,C030,CORE
STU0839,C031,CORE
STU0839,C055,CORE
STU0839,C061,OAE
STU0839,C061,PCE
STU0840,C055,CORE
STU0840,C057,CORE
STU0840,C029,CORE
STU0840,C030,CORE
STU0840,C031,CORE
STU0840,C055,CORE
STU0840,C058,OAE
STU0840,C064,PCE
STU0841,C055,CORE
STU0841,C057,CORE
STU0841,C029,CORE
STU0841,C030,CORE
STU0841,C031,CORE
STU0841,C055,CORE
STU0841,C059,OAE
STU0841,C061,PCE
STU0842,C055,CORE
STU0842,C057,CORE
STU0842,C029,CORE
STU0842,C030,CORE
STU0842,C031,CORE
STU0842,C055,CORE
STU0842,C060,OAE
STU0842,C064,PCE
STU0843,C055,CORE
STU0843,C057,CORE
STU0843,C029,CORE
STU0843,C030,CORE
STU0843,C031,CORE
STU0843,C055,CORE
STU0843,C061,OAE
STU0843,C061,PCE
STU0844,C055,CORE
STU0844,C057,CORE
STU0844,C029,CORE
STU0844,C030,CORE
STU0844,C031,CORE
STU0844,C055,CORE
STU0844,C058,OAE
STU0844,C064,PCE
STU0845,C055,CORE
STU0845,C057,CORE
STU0845,C029,CORE
STU0845,C030,CORE
STU0845,C031,CORE
STU0845,C055,CORE
STU0845,C059,OAE
STU0845,C061,PCE
STU0846,C055,CORE
STU0846,C057,CORE
STU0846,C029,CORE
STU0846,C030,CORE
STU0846,C031,CORE
STU0846,C055,CORE
STU0846,C060,OAE
STU0846,C064,PCE
STU0847,C055,CORE
STU0847,C057,CORE
STU0847,C029,CORE
STU0847,C030,CORE
STU0847,C031,CORE
STU0847,C055,CORE
STU0847,C061,OAE
STU0847,C061,PCE
STU0848,C055,CORE
STU0848,C057,CORE
STU0848,C029,CORE
STU0848,C030,CORE
STU0848,C031,CORE
STU0848,C055,CORE
STU0848,C058,OAE
STU0848,C064,PCE
STU0849,C055,CORE
STU0849,C057,CORE
STU0849,C029,CORE
STU0849,C030,CORE
STU0849,C031,CORE
STU0849,C055,CORE
STU0849,C059,OAE
STU0849,C061,PCE
STU0850,C055,CORE
STU0850,C057,CORE
STU0850,C029,CORE
STU0850,C030,CORE
STU0850,C031,CORE
STU0850,C055,CORE
STU0850,C060,OAE
STU0850,C064,PCE
STU0851,C055,CORE
STU0851,C057,CORE
STU0851,C029,CORE
STU0851,C030,CORE
STU0851,C031,CORE
STU0851,C055,CORE
STU0851,C061,OAE
STU0851,C061,PCE
STU0852,C055,CORE
STU0852,C057,CORE
STU0852,C029,CORE
STU0852,C030,CORE
STU0852,C031,CORE
STU0852,C055,CORE
STU0852,C058,OAE
STU0852,C064,PCE
STU0853,C055,CORE
STU0853,C057,CORE
STU0853,C029,CORE
STU0853,C030,CORE
STU0853,C031,CORE
STU0853,C055,CORE
STU0853,C059,OAE
STU0853,C061,PCE
STU0854,C055,CORE
STU0854,C057,CORE
STU0854,C029,CORE
STU0854,C030,CORE
STU0854,C031,CORE
STU0854,C055,CORE
STU0854,C060,OAE
STU0854,C064,PCE
STU0855,C055,CORE
STU0855,C057,CORE
STU0855,C029,CORE
STU0855,C030,CORE
STU0855,C031,CORE
STU0855,C055,CORE
STU0855,C061,OAE
STU0855,C061,PCE
STU0856,C055,CORE
STU0856,C057,CORE
STU0856,C029,CORE
STU0856,C030,CORE
STU0856,C031,CORE
STU0856,C055,CORE
STU0856,C058,OAE
STU0856,C064,PCE
STU0857,C055,CORE
STU0857,C057,CORE
STU0857,C029,CORE
STU0857,C030,CORE
STU0857,C031,CORE
STU0857,C055,CORE
STU0857,C059,OAE
STU0857,C061,PCE
STU0858,C055,CORE
STU0858,C057,CORE
STU0858,C029,CORE
STU0858,C030,CORE
STU0858,C031,CORE
STU0858,C055,CORE
STU0858,C060,OAE
STU0858,C064,PCE
STU0859,C055,CORE
STU0859,C057,CORE
STU0859,C029,CORE
STU0859,C030,CORE
STU0859,C031,CORE
STU0859,C055,CORE
STU0859,C061,OAE
STU0859,C061,PCE
STU0860,C055,CORE
STU0860,C057,CORE
STU0860,C029,CORE
STU0860,C030,CORE
STU0860,C031,CORE
STU0860,C055,CORE
STU0860,C058,OAE
STU0860,C064,PCE
STU0861,C055,CORE
STU0861,C057,CORE
STU0861,C029,CORE
STU0861,C030,CORE
STU0861,C031,CORE
STU0861,C055,CORE
STU0861,C059,OAE
STU0861,C061,PCE
STU0862,C055,CORE
STU0862,C057,CORE
STU0862,C029,CORE
STU0862,C030,CORE
STU0862,C031,CORE
STU0862,C055,CORE
STU0862,C060,OAE
STU0862,C064,PCE
STU0863,C055,CORE
STU0863,C057,CORE
STU0863,C029,CORE
STU0863,C030,CORE
STU0863,C031,CORE
STU0863,C055,CORE
STU0863,C061,OAE
STU0863,C061,PCE
STU0864,C055,CORE
STU0864,C057,CORE
STU0864,C029,CORE
STU0864,C030,CORE
STU0864,C031,CORE
STU0864,C055,CORE
STU0864,C058,OAE
STU0864,C064,PCE
STU0865,C055,CORE
STU0865,C057,CORE
STU0865,C029,CORE
STU0865,C030,CORE
STU0865,C031,CORE
STU0865,C055,CORE
STU0865,C059,OAE
STU0865,C061,PCE
STU0866,C055,CORE
STU0866,C057,CORE
STU0866,C029,CORE
STU0866,C030,CORE
STU0866,C031,CORE
STU0866,C055,CORE
STU0866,C060,OAE
STU0866,C064,PCE
STU0867,C055,CORE
STU0867,C057,CORE
STU0867,C029,CORE
STU0867,C030,CORE
STU0867,C031,CORE
STU0867,C055,CORE
STU0867,C061,OAE
STU0867,C061,PCE
STU0868,C055,CORE
STU0868,C057,CORE
STU0868,C029,CORE
STU0868,C030,CORE
STU0868,C031,CORE
STU0868,C055,CORE
STU0868,C058,OAE
STU0868,C064,PCE
STU0869,C055,CORE
STU0869,C057,CORE
STU0869,C029,CORE
STU0869,C030,CORE
STU0869,C031,CORE
STU0869,C055,CORE
STU0869,C059,OAE
STU0869,C061,PCE
STU0870,C055,CORE
STU0870,C057,CORE
STU0870,C029,CORE
STU0870,C030,CORE
STU0870,C031,CORE
STU0870,C055,CORE
STU0870,C060,OAE
STU0870,C064,PCE
STU0871,C055,CORE
STU0871,C057,CORE
STU0871,C029,CORE
STU0871,C030,CORE
STU0871,C031,CORE
STU0871,C055,CORE
STU0871,C061,OAE
STU0871,C061,PCE
STU0872,C055,CORE
STU0872,C057,CORE
STU0872,C029,CORE
STU0872,C030,CORE
STU0872,C031,CORE
STU0872,C055,CORE
STU0872,C058,OAE
STU0872,C064,PCE
STU0873,C055,CORE
STU0873,C057,CORE
STU0873,C029,CORE
STU0873,C030,CORE
STU0873,C031,CORE
STU0873,C055,CORE
STU0873,C059,OAE
STU0873,C061,PCE
STU0874,C055,CORE
STU0874,C057,CORE
STU0874,C029,CORE
STU0874,C030,CORE
STU0874,C031,CORE
STU0874,C055,CORE
STU0874,C060,OAE
STU0874,C064,PCE
STU0875,C055,CORE
STU0875,C057,CORE
STU0875,C029,CORE
STU0875,C030,CORE
STU0875,C031,CORE
STU0875,C055,CORE
STU0875,C061,OAE
STU0875,C061,PCE
STU0876,C055,CORE
STU0876,C057,CORE
STU0876,C029,CORE
STU0876,C030,CORE
STU0876,C031,CORE
STU0876,C055,CORE
STU0876,C058,OAE
STU0876,C064,PCE
STU0877,C055,CORE
STU0877,C057,CORE
STU0877,C029,CORE
STU0877,C030,CORE
STU0877,C031,CORE
STU0877,C055,CORE
STU0877,C059,OAE
STU0877,C061,PCE
STU0878,C055,CORE
STU0878,C057,CORE
STU0878,C029,CORE
STU0878,C030,CORE
STU0878,C031,CORE
STU0878,C055,CORE
STU0878,C060,OAE
STU0878,C064,PCE
STU0879,C055,CORE
STU0879,C057,CORE
STU0879,C029,CORE
STU0879,C030,CORE
STU0879,C031,CORE
STU0879,C055,CORE
STU0879,C061,OAE
STU0879,C061,PCE
STU0880,C055,CORE
STU0880,C057,CORE
STU0880,C029,CORE
STU0880,C030,CORE
STU0880,C031,CORE
STU0880,C055,CORE
STU0880,C058,OAE
STU0880,C064,PCE
STU0881,C055,CORE
STU0881,C057,CORE
STU0881,C040,CORE
STU0881,C041,CORE
STU0881,C042,CORE
STU0881,C055,CORE
STU0881,C059,OAE
STU0881,C062,PCE
STU0882,C055,CORE
STU0882,C057,CORE
STU0882,C040,CORE
STU0882,C041,CORE
STU0882,C042,CORE
STU0882,C055,CORE
STU0882,C060,OAE
STU0882,C058,PCE
STU0883,C055,CORE
STU0883,C057,CORE
STU0883,C040,CORE
STU0883,C041,CORE
STU0883,C042,CORE
STU0883,C055,CORE
STU0883,C061,OAE
STU0883,C062,PCE
STU0884,C055,CORE
STU0884,C057,CORE
STU0884,C040,CORE
STU0884,C041,CORE
STU0884,C042,CORE
STU0884,C055,CORE
STU0884,C058,OAE
STU0884,C058,PCE
STU0885,C055,CORE
STU0885,C057,CORE
STU0885,C040,CORE
STU0885,C041,CORE
STU0885,C042,CORE
STU0885,C055,CORE
STU0885,C059,OAE
STU0885,C062,PCE
STU0886,C055,CORE
STU0886,C057,CORE
STU0886,C040,CORE
STU0886,C041,CORE
STU0886,C042,CORE
STU0886,C055,CORE
STU0886,C060,OAE
STU0886,C058,PCE
STU0887,C055,CORE
STU0887,C057,CORE
STU0887,C040,CORE
STU0887,C041,CORE
STU0887,C042,CORE
STU0887,C055,CORE
STU0887,C061,OAE
STU0887,C062,PCE
STU0888,C055,CORE
STU0888,C057,CORE
STU0888,C040,CORE
STU0888,C041,CORE
STU0888,C042,CORE
STU0888,C055,CORE
STU0888,C058,OAE
STU0888,C058,PCE
STU0889,C055,CORE
STU0889,C057,CORE
STU0889,C040,CORE
STU0889,C041,CORE
STU0889,C042,CORE
STU0889,C055,CORE
STU0889,C059,OAE
STU0889,C062,PCE
STU0890,C055,CORE
STU0890,C057,CORE
STU0890,C040,CORE
STU0890,C041,CORE
STU0890,C042,CORE
STU0890,C055,CORE
STU0890,C060,OAE
STU0890,C058,PCE
STU0891,C055,CORE
STU0891,C057,CORE
STU0891,C040,CORE
STU0891,C041,CORE
STU0891,C042,CORE
STU0891,C055,CORE
STU0891,C061,OAE
STU0891,C062,PCE
STU0892,C055,CORE
STU0892,C057,CORE
STU0892,C040,CORE
STU0892,C041,CORE
STU0892,C042,CORE
STU0892,C055,CORE
STU0892,C058,OAE
STU0892,C058,PCE
STU0893,C055,CORE
STU0893,C057,CORE
STU0893,C040,CORE
STU0893,C041,CORE
STU0893,C042,CORE
STU0893,C055,CORE
STU0893,C059,OAE
STU0893,C062,PCE
STU0894,C055,CORE
STU0894,C057,CORE
STU0894,C040,CORE
STU0894,C041,CORE
STU0894,C042,CORE
STU0894,C055,CORE
STU0894,C060,OAE
STU0894,C058,PCE
STU0895,C055,CORE
STU0895,C057,CORE
STU0895,C040,CORE
STU0895,C041,CORE
STU0895,C042,CORE
STU0895,C055,CORE
STU0895,C061,OAE
STU0895,C062,PCE
STU0896,C055,CORE
STU0896,C057,CORE
STU0896,C040,CORE
STU0896,C041,CORE
STU0896,C042,CORE
STU0896,C055,CORE
STU0896,C058,OAE
STU0896,C058,PCE
STU0897,C055,CORE
STU0897,C057,CORE
STU0897,C040,CORE
STU0897,C041,CORE
STU0897,C042,CORE
STU0897,C055,CORE
STU0897,C059,OAE
STU0897,C062,PCE
STU0898,C055,CORE
STU0898,C057,CORE
STU0898,C040,CORE
STU0898,C041,CORE
STU0898,C042,CORE
STU0898,C055,CORE
STU0898,C060,OAE
STU0898,C058,PCE
STU0899,C055,CORE
STU0899,C057,CORE
STU0899,C040,CORE
STU0899,C041,CORE
STU0899,C042,CORE
STU0899,C055,CORE
STU0899,C061,OAE
STU0899,C062,PCE
STU0900,C055,CORE
STU0900,C057,CORE
STU0900,C040,CORE
STU0900,C041,CORE
STU0900,C042,CORE
STU0900,C055,CORE
STU0900,C058,OAE
STU0900,C058,PCE
STU0901,C055,CORE
STU0901,C057,CORE
STU0901,C040,CORE
STU0901,C041,CORE
STU0901,C042,CORE
STU0901,C055,CORE
STU0901,C059,OAE
STU0901,C062,PCE
STU0902,C055,CORE
STU0902,C057,CORE
STU0902,C040,CORE
STU0902,C041,CORE
STU0902,C042,CORE
STU0902,C055,CORE
STU0902,C060,OAE
STU0902,C058,PCE
STU0903,C055,CORE
STU0903,C057,CORE
STU0903,C040,CORE
STU0903,C041,CORE
STU0903,C042,CORE
STU0903,C055,CORE
STU0903,C061,OAE
STU0903,C062,PCE
STU0904,C055,CORE
STU0904,C057,CORE
STU0904,C040,CORE
STU0904,C041,CORE
STU0904,C042,CORE
STU0904,C055,CORE
STU0904,C058,OAE
STU0904,C058,PCE
STU0905,C055,CORE
STU0905,C057,CORE
STU0905,C040,CORE
STU0905,C041,CORE
STU0905,C042,CORE
STU0905,C055,CORE
STU0905,C059,OAE
STU0905,C062,PCE
STU0906,C055,CORE
STU0906,C057,CORE
STU0906,C040,CORE
STU0906,C041,CORE
STU0906,C042,CORE
STU0906,C055,CORE
STU0906,C060,OAE
STU0906,C058,PCE
STU0907,C055,CORE
STU0907,C057,CORE
STU0907,C040,CORE
STU0907,C041,CORE
STU0907,C042,CORE
STU0907,C055,CORE
STU0907,C061,OAE
STU0907,C062,PCE
STU0908,C055,CORE
STU0908,C057,CORE
STU0908,C040,CORE
STU0908,C041,CORE
STU0908,C042,CORE
STU0908,C055,CORE
STU0908,C058,OAE
STU0908,C058,PCE
STU0909,C055,CORE
STU0909,C057,CORE
STU0909,C040,CORE
STU0909,C041,CORE
STU0909,C042,CORE
STU0909,C055,CORE
STU0909,C059,OAE
STU0909,C062,PCE
STU0910,C055,CORE
STU0910,C057,CORE
STU0910,C040,CORE
STU0910,C041,CORE
STU0910,C042,CORE
STU0910,C055,CORE
STU0910,C060,OAE
STU0910,C058,PCE
STU0911,C055,CORE
STU0911,C057,CORE
STU0911,C040,CORE
STU0911,C041,CORE
STU0911,C042,CORE
STU0911,C055,CORE
STU0911,C061,OAE
STU0911,C062,PCE
STU0912,C055,CORE
STU0912,C057,CORE
STU0912,C040,CORE
STU0912,C041,CORE
STU0912,C042,CORE
STU0912,C055,CORE
STU0912,C058,OAE
STU0912,C058,PCE
STU0913,C055,CORE
STU0913,C057,CORE
STU0913,C040,CORE
STU0913,C041,CORE
STU0913,C042,CORE
STU0913,C055,CORE
STU0913,C059,OAE
STU0913,C062,PCE
STU0914,C055,CORE
STU0914,C057,CORE
STU0914,C040,CORE
STU0914,C041,CORE
STU0914,C042,CORE
STU0914,C055,CORE
STU0914,C060,OAE
STU0914,C058,PCE
STU0915,C055,CORE
STU0915,C057,CORE
STU0915,C040,CORE
STU0915,C041,CORE
STU0915,C042,CORE
STU0915,C055,CORE
STU0915,C061,OAE
STU0915,C062,PCE
STU0916,C055,CORE
STU0916,C057,CORE
STU0916,C040,CORE
STU0916,C041,CORE
STU0916,C042,CORE
STU0916,C055,CORE
STU0916,C058,OAE
STU0916,C058,PCE
STU0917,C055,CORE
STU0917,C057,CORE
STU0917,C040,CORE
STU0917,C041,CORE
STU0917,C042,CORE
STU0917,C055,CORE
STU0917,C059,OAE
STU0917,C062,PCE
STU0918,C055,CORE
STU0918,C057,CORE
STU0918,C040,CORE
STU0918,C041,CORE
STU0918,C042,CORE
STU0918,C055,CORE
STU0918,C060,OAE
STU0918,C058,PCE
STU0919,C055,CORE
STU0919,C057,CORE
STU0919,C040,CORE
STU0919,C041,CORE
STU0919,C042,CORE
STU0919,C055,CORE
STU0919,C061,OAE
STU0919,C062,PCE
STU0920,C055,CORE
STU0920,C057,CORE
STU0920,C040,CORE
STU0920,C041,CORE
STU0920,C042,CORE
STU0920,C055,CORE
STU0920,C058,OAE
STU0920,C058,PCE
STU0921,C055,CORE
STU0921,C057,CORE
STU0921,C040,CORE
STU0921,C041,CORE
STU0921,C042,CORE
STU0921,C055,CORE
STU0921,C059,OAE
STU0921,C062,PCE
STU0922,C055,CORE
STU0922,C057,CORE
STU0922,C040,CORE
STU0922,C041,CORE
STU0922,C042,CORE
STU0922,C055,CORE
STU0922,C060,OAE
STU0922,C058,PCE
STU0923,C055,CORE
STU0923,C057,CORE
STU0923,C040,CORE
STU0923,C041,CORE
STU0923,C042,CORE
STU0923,C055,CORE
STU0923,C061,OAE
STU0923,C062,PCE
STU0924,C055,CORE
STU0924,C057,CORE
STU0924,C040,CORE
STU0924,C041,CORE
STU0924,C042,CORE
STU0924,C055,CORE
STU0924,C058,OAE
STU0924,C058,PCE
STU0925,C055,CORE
STU0925,C057,CORE
STU0925,C040,CORE
STU0925,C041,CORE
STU0925,C042,CORE
STU0925,C055,CORE
STU0925,C059,OAE
STU0925,C062,PCE
STU0926,C055,CORE
STU0926,C057,CORE
STU0926,C040,CORE
STU0926,C041,CORE
STU0926,C042,CORE
STU0926,C055,CORE
STU0926,C060,OAE
STU0926,C058,PCE
STU0927,C055,CORE
STU0927,C057,CORE
STU0927,C040,CORE
STU0927,C041,CORE
STU0927,C042,CORE
STU0927,C055,CORE
STU0927,C061,OAE
STU0927,C062,PCE
STU0928,C055,CORE
STU0928,C057,CORE
STU0928,C040,CORE
STU0928,C041,CORE
STU0928,C042,CORE
STU0928,C055,CORE
STU0928,C058,OAE
STU0928,C058,PCE
STU0929,C055,CORE
STU0929,C057,CORE
STU0929,C040,CORE
STU0929,C041,CORE
STU0929,C042,CORE
STU0929,C055,CORE
STU0929,C059,OAE
STU0929,C062,PCE
STU0930,C055,CORE
STU0930,C057,CORE
STU0930,C040,CORE
STU0930,C041,CORE
STU0930,C042,CORE
STU0930,C055,CORE
STU0930,C060,OAE
STU0930,C058,PCE
STU0931,C055,CORE
STU0931,C057,CORE
STU0931,C040,CORE
STU0931,C041,CORE
STU0931,C042,CORE
STU0931,C055,CORE
STU0931,C061,OAE
STU0931,C062,PCE
STU0932,C055,CORE
STU0932,C057,CORE
STU0932,C040,CORE
STU0932,C041,CORE
STU0932,C042,CORE
STU0932,C055,CORE
STU0932,C058,OAE
STU0932,C058,PCE
STU0933,C055,CORE
STU0933,C057,CORE
STU0933,C040,CORE
STU0933,C041,CORE
STU0933,C042,CORE
STU0933,C055,CORE
STU0933,C059,OAE
STU0933,C062,PCE
STU0934,C055,CORE
STU0934,C057,CORE
STU0934,C040,CORE
STU0934,C041,CORE
STU0934,C042,CORE
STU0934,C055,CORE
STU0934,C060,OAE
STU0934,C058,PCE
STU0935,C055,CORE
STU0935,C057,CORE
STU0935,C040,CORE
STU0935,C041,CORE
STU0935,C042,CORE
STU0935,C055,CORE
STU0935,C061,OAE
STU0935,C062,PCE
STU0936,C055,CORE
STU0936,C057,CORE
STU0936,C040,CORE
STU0936,C041,CORE
STU0936,C042,CORE
STU0936,C055,CORE
STU0936,C058,OAE
STU0936,C058,PCE
STU0937,C055,CORE
STU0937,C057,CORE
STU0937,C040,CORE
STU0937,C041,CORE
STU0937,C042,CORE
STU0937,C055,CORE
STU0937,C059,OAE
STU0937,C062,PCE
STU0938,C055,CORE
STU0938,C057,CORE
STU0938,C040,CORE
STU0938,C041,CORE
STU0938,C042,CORE
STU0938,C055,CORE
STU0938,C060,OAE
STU0938,C058,PCE
STU0939,C055,CORE
STU0939,C057,CORE
STU0939,C040,CORE
STU0939,C041,CORE
STU0939,C042,CORE
STU0939,C055,CORE
STU0939,C061,OAE
STU0939,C062,PCE
STU0940,C055,CORE
STU0940,C057,CORE
STU0940,C040,CORE
STU0940,C041,CORE
STU0940,C042,CORE
STU0940,C055,CORE
STU0940,C058,OAE
STU0940,C058,PCE
STU0941,C055,CORE
STU0941,C057,CORE
STU0941,C051,CORE
STU0941,C052,CORE
STU0941,C053,CORE
STU0941,C055,CORE
STU0941,C059,OAE
STU0941,C060,PCE
STU0942,C055,CORE
STU0942,C057,CORE
STU0942,C051,CORE
STU0942,C052,CORE
STU0942,C053,CORE
STU0942,C055,CORE
STU0942,C060,OAE
STU0942,C065,PCE
STU0943,C055,CORE
STU0943,C057,CORE
STU0943,C051,CORE
STU0943,C052,CORE
STU0943,C053,CORE
STU0943,C055,CORE
STU0943,C061,OAE
STU0943,C060,PCE
STU0944,C055,CORE
STU0944,C057,CORE
STU0944,C051,CORE
STU0944,C052,CORE
STU0944,C053,CORE
STU0944,C055,CORE
STU0944,C058,OAE
STU0944,C065,PCE
STU0945,C055,CORE
STU0945,C057,CORE
STU0945,C051,CORE
STU0945,C052,CORE
STU0945,C053,CORE
STU0945,C055,CORE
STU0945,C059,OAE
STU0945,C060,PCE
STU0946,C055,CORE
STU0946,C057,CORE
STU0946,C051,CORE
STU0946,C052,CORE
STU0946,C053,CORE
STU0946,C055,CORE
STU0946,C060,OAE
STU0946,C065,PCE
STU0947,C055,CORE
STU0947,C057,CORE
STU0947,C051,CORE
STU0947,C052,CORE
STU0947,C053,CORE
STU0947,C055,CORE
STU0947,C061,OAE
STU0947,C060,PCE
STU0948,C055,CORE
STU0948,C057,CORE
STU0948,C051,CORE
STU0948,C052,CORE
STU0948,C053,CORE
STU0948,C055,CORE
STU0948,C058,OAE
STU0948,C065,PCE
STU0949,C055,CORE
STU0949,C057,CORE
STU0949,C051,CORE
STU0949,C052,CORE
STU0949,C053,CORE
STU0949,C055,CORE
STU0949,C059,OAE
STU0949,C060,PCE
STU0950,C055,CORE
STU0950,C057,CORE
STU0950,C051,CORE
STU0950,C052,CORE
STU0950,C053,CORE
STU0950,C055,CORE
STU0950,C060,OAE
STU0950,C065,PCE
STU0951,C055,CORE
STU0951,C057,CORE
STU0951,C051,CORE
STU0951,C052,CORE
STU0951,C053,CORE
STU0951,C055,CORE
STU0951,C061,OAE
STU0951,C060,PCE
STU0952,C055,CORE
STU0952,C057,CORE
STU0952,C051,CORE
STU0952,C052,CORE
STU0952,C053,CORE
STU0952,C055,CORE
STU0952,C058,OAE
STU0952,C065,PCE
STU0953,C055,CORE
STU0953,C057,CORE
STU0953,C051,CORE
STU0953,C052,CORE
STU0953,C053,CORE
STU0953,C055,CORE
STU0953,C059,OAE
STU0953,C060,PCE
STU0954,C055,CORE
STU0954,C057,CORE
STU0954,C051,CORE
STU0954,C052,CORE
STU0954,C053,CORE
STU0954,C055,CORE
STU0954,C060,OAE
STU0954,C065,PCE
STU0955,C055,CORE
STU0955,C057,CORE
STU0955,C051,CORE
STU0955,C052,CORE
STU0955,C053,CORE
STU0955,C055,CORE
STU0955,C061,OAE
STU0955,C060,PCE
STU0956,C055,CORE
STU0956,C057,CORE
STU0956,C051,CORE
STU0956,C052,CORE
STU0956,C053,CORE
STU0956,C055,CORE
STU0956,C058,OAE
STU0956,C065,PCE
STU0957,C055,CORE
STU0957,C057,CORE
STU0957,C051,CORE
STU0957,C052,CORE
STU0957,C053,CORE
STU0957,C055,CORE
STU0957,C059,OAE
STU0957,C060,PCE
STU0958,C055,CORE
STU0958,C057,CORE
STU0958,C051,CORE
STU0958,C052,CORE
STU0958,C053,CORE
STU0958,C055,CORE
STU0958,C060,OAE
STU0958,C065,PCE
STU0959,C055,CORE
STU0959,C057,CORE
STU0959,C051,CORE
STU0959,C052,CORE
STU0959,C053,CORE
STU0959,C055,CORE
STU0959,C061,OAE
STU0959,C060,PCE
STU0960,C055,CORE
STU0960,C057,CORE
STU0960,C051,CORE
STU0960,C052,CORE
STU0960,C053,CORE
STU0960,C055,CORE
STU0960,C058,OAE
STU0960,C065,PCE
STU0961,C055,CORE
STU0961,C057,CORE
STU0961,C051,CORE
STU0961,C052,CORE
STU0961,C053,CORE
STU0961,C055,CORE
STU0961,C059,OAE
STU0961,C060,PCE
STU0962,C055,CORE
STU0962,C057,CORE
STU0962,C051,CORE
STU0962,C052,CORE
STU0962,C053,CORE
STU0962,C055,CORE
STU0962,C060,OAE
STU0962,C065,PCE
STU0963,C055,CORE
STU0963,C057,CORE
STU0963,C051,CORE
STU0963,C052,CORE
STU0963,C053,CORE
STU0963,C055,CORE
STU0963,C061,OAE
STU0963,C060,PCE
STU0964,C055,CORE
STU0964,C057,CORE
STU0964,C051,CORE
STU0964,C052,CORE
STU0964,C053,CORE
STU0964,C055,CORE
STU0964,C058,OAE
STU0964,C065,PCE
STU0965,C055,CORE
STU0965,C057,CORE
STU0965,C051,CORE
STU0965,C052,CORE
STU0965,C053,CORE
STU0965,C055,CORE
STU0965,C059,OAE
STU0965,C060,PCE
STU0966,C055,CORE
STU0966,C057,CORE
STU0966,C051,CORE
STU0966,C052,CORE
STU0966,C053,CORE
STU0966,C055,CORE
STU0966,C060,OAE
STU0966,C065,PCE
STU0967,C055,CORE
STU0967,C057,CORE
STU0967,C051,CORE
STU0967,C052,CORE
STU0967,C053,CORE
STU0967,C055,CORE
STU0967,C061,OAE
STU0967,C060,PCE
STU0968,C055,CORE
STU0968,C057,CORE
STU0968,C051,CORE
STU0968,C052,CORE
STU0968,C053,CORE
STU0968,C055,CORE
STU0968,C058,OAE
STU0968,C065,PCE
STU0969,C055,CORE
STU0969,C057,CORE
STU0969,C051,CORE
STU0969,C052,CORE
STU0969,C053,CORE
STU0969,C055,CORE
STU0969,C059,OAE
STU0969,C060,PCE
STU0970,C055,CORE
STU0970,C057,CORE
STU0970,C051,CORE
STU0970,C052,CORE
STU0970,C053,CORE
STU0970,C055,CORE
STU0970,C060,OAE
STU0970,C065,PCE
STU0971,C055,CORE
STU0971,C057,CORE
STU0971,C051,CORE
STU0971,C052,CORE
STU0971,C053,CORE
STU0971,C055,CORE
STU0971,C061,OAE
STU0971,C060,PCE
STU0972,C055,CORE
STU0972,C057,CORE
STU0972,C051,CORE
STU0972,C052,CORE
STU0972,C053,CORE
STU0972,C055,CORE
STU0972,C058,OAE
STU0972,C065,PCE
STU0973,C055,CORE
STU0973,C057,CORE
STU0973,C051,CORE
STU0973,C052,CORE
STU0973,C053,CORE
STU0973,C055,CORE
STU0973,C059,OAE
STU0973,C060,PCE
STU0974,C055,CORE
STU0974,C057,CORE
STU0974,C051,CORE
STU0974,C052,CORE
STU0974,C053,CORE
STU0974,C055,CORE
STU0974,C060,OAE
STU0974,C065,PCE
STU0975,C055,CORE
STU0975,C057,CORE
STU0975,C051,CORE
STU0975,C052,CORE
STU0975,C053,CORE
STU0975,C055,CORE
STU0975,C061,OAE
STU0975,C060,PCE
STU0976,C055,CORE
STU0976,C057,CORE
STU0976,C051,CORE
STU0976,C052,CORE
STU0976,C053,CORE
STU0976,C055,CORE
STU0976,C058,OAE
STU0976,C065,PCE
STU0977,C055,CORE
STU0977,C057,CORE
STU0977,C051,CORE
STU0977,C052,CORE
STU0977,C053,CORE
STU0977,C055,CORE
STU0977,C059,OAE
STU0977,C060,PCE
STU0978,C055,CORE
STU0978,C057,CORE
STU0978,C051,CORE
STU0978,C052,CORE
STU0978,C053,CORE
STU0978,C055,CORE
STU0978,C060,OAE
STU0978,C065,PCE
STU0979,C055,CORE
STU0979,C057,CORE
STU0979,C051,CORE
STU0979,C052,CORE
STU0979,C053,CORE
STU0979,C055,CORE
STU0979,C061,OAE
STU0979,C060,PCE
STU0980,C055,CORE
STU0980,C057,CORE
STU0980,C051,CORE
STU0980,C052,CORE
STU0980,C053,CORE
STU0980,C055,CORE
STU0980,C058,OAE
STU0980,C065,PCE
STU0981,C055,CORE
STU0981,C057,CORE
STU0981,C051,CORE
STU0981,C052,CORE
STU0981,C053,CORE
STU0981,C055,CORE
STU0981,C059,OAE
STU0981,C060,PCE
STU0982,C055,CORE
STU0982,C057,CORE
STU0982,C051,CORE
STU0982,C052,CORE
STU0982,C053,CORE
STU0982,C055,CORE
STU0982,C060,OAE
STU0982,C065,PCE
STU0983,C055,CORE
STU0983,C057,CORE
STU0983,C051,CORE
STU0983,C052,CORE
STU0983,C053,CORE
STU0983,C055,CORE
STU0983,C061,OAE
STU0983,C060,PCE
STU0984,C055,CORE
STU0984,C057,CORE
STU0984,C051,CORE
STU0984,C052,CORE
STU0984,C053,CORE
STU0984,C055,CORE
STU0984,C058,OAE
STU0984,C065,PCE
STU0985,C055,CORE
STU0985,C057,CORE
STU0985,C051,CORE
STU0985,C052,CORE
STU0985,C053,CORE
STU0985,C055,CORE
STU0985,C059,OAE
STU0985,C060,PCE
STU0986,C055,CORE
STU0986,C057,CORE
STU0986,C051,CORE
STU0986,C052,CORE
STU0986,C053,CORE
STU0986,C055,CORE
STU0986,C060,OAE
STU0986,C065,PCE
STU0987,C055,CORE
STU0987,C057,CORE
STU0987,C051,CORE
STU0987,C052,CORE
STU0987,C053,CORE
STU0987,C055,CORE
STU0987,C061,OAE
STU0987,C060,PCE
STU0988,C055,CORE
STU0988,C057,CORE
STU0988,C051,CORE
STU0988,C052,CORE
STU0988,C053,CORE
STU0988,C055,CORE
STU0988,C058,OAE
STU0988,C065,PCE
STU0989,C055,CORE
STU0989,C057,CORE
STU0989,C051,CORE
STU0989,C052,CORE
STU0989,C053,CORE
STU0989,C055,CORE
STU0989,C059,OAE
STU0989,C060,PCE
STU0990,C055,CORE
STU0990,C057,CORE
STU0990,C051,CORE
STU0990,C052,CORE
STU0990,C053,CORE
STU0990,C055,CORE
STU0990,C060,OAE
STU0990,C065,PCE
STU0991,C055,CORE
STU0991,C057,CORE
STU0991,C051,CORE
STU0991,C052,CORE
STU0991,C053,CORE
STU0991,C055,CORE
STU0991,C061,OAE
STU0991,C060,PCE
STU0992,C055,CORE
STU0992,C057,CORE
STU0992,C051,CORE
STU0992,C052,CORE
STU0992,C053,CORE
STU0992,C055,CORE
STU0992,C058,OAE
STU0992,C065,PCE
STU0993,C055,CORE
STU0993,C057,CORE
STU0993,C051,CORE
STU0993,C052,CORE
STU0993,C053,CORE
STU0993,C055,CORE
STU0993,C059,OAE
STU0993,C060,PCE
STU0994,C055,CORE
STU0994,C057,CORE
STU0994,C051,CORE
STU0994,C052,CORE
STU0994,C053,CORE
STU0994,C055,CORE
STU0994,C060,OAE
STU0994,C065,PCE
STU0995,C055,CORE
STU0995,C057,CORE
STU0995,C051,CORE
STU0995,C052,CORE
STU0995,C053,CORE
STU0995,C055,CORE
STU0995,C061,OAE
STU0995,C060,PCE
STU0996,C055,CORE
STU0996,C057,CORE
STU0996,C051,CORE
STU0996,C052,CORE
STU0996,C053,CORE
STU0996,C055,CORE
STU0996,C058,OAE
STU0996,C065,PCE
STU0997,C055,CORE
STU0997,C057,CORE
STU0997,C051,CORE
STU0997,C052,CORE
STU0997,C053,CORE
STU0997,C055,CORE
STU0997,C059,OAE
STU0997,C060,PCE
STU0998,C055,CORE
STU0998,C057,CORE
STU0998,C051,CORE
STU0998,C052,CORE
STU0998,C053,CORE
STU0998,C055,CORE
STU0998,C060,OAE
STU0998,C065,PCE
STU0999,C055,CORE
STU0999,C057,CORE
STU0999,C051,CORE
STU0999,C052,CORE
STU0999,C053,CORE
STU0999,C055,CORE
STU0999,C061,OAE
STU0999,C060,PCE
STU1000,C055,CORE
STU1000,C057,CORE
STU1000,C051,CORE
STU1000,C052,CORE
STU1000,C053,CORE
STU1000,C055,CORE
STU1000,C058,OAE
STU1000,C065,PCE
