faculty_id,slot_id,available,preference_score
F0001,MON_0900,True,3
F0001,MON_1000,True,4
F0001,MON_1100,True,2
F0001,MON_1200,True,3
F0001,MON_1400,True,3
F0001,MON_1500,True,3
F0001,MON_1600,True,3
F0001,TUE_0900,True,3
F0001,TUE_1000,True,2
F0001,TUE_1100,True,4
F0001,TUE_1200,True,3
F0001,TUE_1400,True,2
F0001,TUE_1500,True,3
F0001,TUE_1600,True,4
F0001,WED_0900,True,2
F0001,WED_1000,True,4
F0001,WED_1100,True,3
F0001,WED_1200,True,2
F0001,WED_1400,True,3
F0001,WED_1500,True,3
F0001,WED_1600,True,4
F0001,THU_0900,True,2
F0001,THU_1000,True,4
F0001,THU_1100,True,4
F0001,THU_1200,True,4
F0001,THU_1400,True,2
F0001,THU_1500,True,2
F0001,THU_1600,True,4
F0001,FRI_0900,True,2
F0001,FRI_1000,True,3
F0001,FRI_1100,True,2
F0001,FRI_1200,True,4
F0001,FRI_1400,True,3
F0001,FRI_1500,True,4
F0001,FRI_1600,True,4
F0002,MON_0900,True,3
F0002,MON_1000,True,3
F0002,MON_1100,True,3
F0002,MON_1200,True,3
F0002,MON_1400,True,3
F0002,MON_1500,True,3
F0002,MON_1600,True,3
F0002,TUE_0900,True,3
F0002,TUE_1000,True,2
F0002,TUE_1100,True,3
F0002,TUE_1200,True,4
F0002,TUE_1400,True,2
F0002,TUE_1500,True,4
F0002,TUE_1600,True,2
F0002,WED_0900,True,3
F0002,WED_1000,True,3
F0002,WED_1100,True,3
F0002,WED_1200,True,4
F0002,WED_1400,True,3
F0002,WED_1500,True,3
F0002,WED_1600,True,3
F0002,THU_0900,True,3
F0002,THU_1000,True,3
F0002,THU_1100,True,4
F0002,THU_1200,True,3
F0002,THU_1400,True,3
F0002,THU_1500,True,3
F0002,THU_1600,True,3
F0002,FRI_0900,True,4
F0002,FRI_1000,True,3
F0002,FRI_1100,True,3
F0002,FRI_1200,True,3
F0002,FRI_1400,True,3
F0002,FRI_1500,False,3
F0002,FRI_1600,False,3
F0003,MON_0900,True,3
F0003,MON_1000,True,3
F0003,MON_1100,True,3
F0003,MON_1200,True,3
F0003,MON_1400,True,4
F0003,MON_1500,True,3
F0003,MON_1600,True,3
F0003,TUE_0900,True,2
F0003,TUE_1000,True,4
F0003,TUE_1100,True,3
F0003,TUE_1200,True,3
F0003,TUE_1400,True,2
F0003,TUE_1500,True,3
F0003,TUE_1600,True,3
F0003,WED_0900,True,3
F0003,WED_1000,True,3
F0003,WED_1100,True,3
F0003,WED_1200,True,3
F0003,WED_1400,True,2
F0003,WED_1500,True,2
F0003,WED_1600,True,2
F0003,THU_0900,True,3
F0003,THU_1000,True,2
F0003,THU_1100,True,4
F0003,THU_1200,True,4
F0003,THU_1400,True,2
F0003,THU_1500,True,3
F0003,THU_1600,True,3
F0003,FRI_0900,True,4
F0003,FRI_1000,True,3
F0003,FRI_1100,True,3
F0003,FRI_1200,True,2
F0003,FRI_1400,True,3
F0003,FRI_1500,True,3
F0003,FRI_1600,True,4
F0004,MON_0900,True,2
F0004,MON_1000,True,2
F0004,MON_1100,True,2
F0004,MON_1200,True,3
F0004,MON_1400,True,3
F0004,MON_1500,True,4
F0004,MON_1600,True,2
F0004,TUE_0900,True,4
F0004,TUE_1000,True,3
F0004,TUE_1100,True,4
F0004,TUE_1200,True,3
F0004,TUE_1400,True,3
F0004,TUE_1500,True,3
F0004,TUE_1600,True,2
F0004,WED_0900,True,4
F0004,WED_1000,True,2
F0004,WED_1100,True,3
F0004,WED_1200,True,3
F0004,WED_1400,True,3
F0004,WED_1500,True,3
F0004,WED_1600,True,3
F0004,THU_0900,True,3
F0004,THU_1000,True,3
F0004,THU_1100,True,4
F0004,THU_1200,True,3
F0004,THU_1400,True,3
F0004,THU_1500,True,3
F0004,THU_1600,True,3
F0004,FRI_0900,True,4
F0004,FRI_1000,True,3
F0004,FRI_1100,True,3
F0004,FRI_1200,True,2
F0004,FRI_1400,True,3
F0004,FRI_1500,True,2
F0004,FRI_1600,True,2
F0005,MON_0900,True,4
F0005,MON_1000,True,3
F0005,MON_1100,True,3
F0005,MON_1200,True,3
F0005,MON_1400,True,2
F0005,MON_1500,True,3
F0005,MON_1600,True,3
F0005,TUE_0900,True,3
F0005,TUE_1000,True,3
F0005,TUE_1100,True,3
F0005,TUE_1200,True,2
F0005,TUE_1400,True,4
F0005,TUE_1500,True,3
F0005,TUE_1600,True,3
F0005,WED_0900,True,3
F0005,WED_1000,True,3
F0005,WED_1100,True,2
F0005,WED_1200,True,4
F0005,WED_1400,True,3
F0005,WED_1500,True,3
F0005,WED_1600,True,2
F0005,THU_0900,True,3
F0005,THU_1000,True,4
F0005,THU_1100,True,2
F0005,THU_1200,True,4
F0005,THU_1400,True,3
F0005,THU_1500,True,3
F0005,THU_1600,True,4
F0005,FRI_0900,True,4
F0005,FRI_1000,True,3
F0005,FRI_1100,True,3
F0005,FRI_1200,True,4
F0005,FRI_1400,True,3
F0005,FRI_1500,True,2
F0005,FRI_1600,True,3
F0006,MON_0900,True,3
F0006,MON_1000,True,4
F0006,MON_1100,True,4
F0006,MON_1200,True,3
F0006,MON_1400,True,2
F0006,MON_1500,True,3
F0006,MON_1600,True,3
F0006,TUE_0900,True,2
F0006,TUE_1000,True,4
F0006,TUE_1100,True,2
F0006,TUE_1200,True,3
F0006,TUE_1400,True,2
F0006,TUE_1500,True,4
F0006,TUE_1600,True,4
F0006,WED_0900,True,3
F0006,WED_1000,True,2
F0006,WED_1100,True,3
F0006,WED_1200,True,3
F0006,WED_1400,True,4
F0006,WED_1500,True,4
F0006,WED_1600,True,2
F0006,THU_0900,True,3
F0006,THU_1000,True,2
F0006,THU_1100,True,3
F0006,THU_1200,True,4
F0006,THU_1400,True,3
F0006,THU_1500,True,2
F0006,THU_1600,True,2
F0006,FRI_0900,True,4
F0006,FRI_1000,True,2
F0006,FRI_1100,True,2
F0006,FRI_1200,True,4
F0006,FRI_1400,True,2
F0006,FRI_1500,True,4
F0006,FRI_1600,True,2
F0007,MON_0900,True,3
F0007,MON_1000,True,3
F0007,MON_1100,True,3
F0007,MON_1200,True,4
F0007,MON_1400,True,4
F0007,MON_1500,True,3
F0007,MON_1600,True,3
F0007,TUE_0900,True,2
F0007,TUE_1000,True,3
F0007,TUE_1100,True,3
F0007,TUE_1200,True,3
F0007,TUE_1400,True,3
F0007,TUE_1500,True,2
F0007,TUE_1600,True,3
F0007,WED_0900,True,4
F0007,WED_1000,True,4
F0007,WED_1100,True,3
F0007,WED_1200,True,3
F0007,WED_1400,True,4
F0007,WED_1500,True,3
F0007,WED_1600,True,2
F0007,THU_0900,True,3
F0007,THU_1000,True,2
F0007,THU_1100,True,3
F0007,THU_1200,True,3
F0007,THU_1400,True,3
F0007,THU_1500,True,2
F0007,THU_1600,True,3
F0007,FRI_0900,True,3
F0007,FRI_1000,True,4
F0007,FRI_1100,True,3
F0007,FRI_1200,True,3
F0007,FRI_1400,True,4
F0007,FRI_1500,True,3
F0007,FRI_1600,True,3
F0008,MON_0900,True,3
F0008,MON_1000,True,3
F0008,MON_1100,True,3
F0008,MON_1200,True,4
F0008,MON_1400,True,4
F0008,MON_1500,True,3
F0008,MON_1600,True,3
F0008,TUE_0900,True,3
F0008,TUE_1000,True,2
F0008,TUE_1100,True,3
F0008,TUE_1200,True,4
F0008,TUE_1400,True,4
F0008,TUE_1500,True,4
F0008,TUE_1600,True,3
F0008,WED_0900,True,3
F0008,WED_1000,True,3
F0008,WED_1100,True,3
F0008,WED_1200,True,3
F0008,WED_1400,True,3
F0008,WED_1500,True,4
F0008,WED_1600,True,3
F0008,THU_0900,True,3
F0008,THU_1000,True,3
F0008,THU_1100,True,3
F0008,THU_1200,True,4
F0008,THU_1400,True,4
F0008,THU_1500,True,4
F0008,THU_1600,True,2
F0008,FRI_0900,True,3
F0008,FRI_1000,True,3
F0008,FRI_1100,True,3
F0008,FRI_1200,True,4
F0008,FRI_1400,True,3
F0008,FRI_1500,True,2
F0008,FRI_1600,True,3
F0009,MON_0900,True,4
F0009,MON_1000,True,2
F0009,MON_1100,True,3
F0009,MON_1200,True,2
F0009,MON_1400,True,2
F0009,MON_1500,True,3
F0009,MON_1600,True,3
F0009,TUE_0900,True,3
F0009,TUE_1000,True,3
F0009,TUE_1100,True,4
F0009,TUE_1200,True,4
F0009,TUE_1400,True,4
F0009,TUE_1500,True,4
F0009,TUE_1600,True,2
F0009,WED_0900,True,2
F0009,WED_1000,True,4
F0009,WED_1100,True,4
F0009,WED_1200,True,3
F0009,WED_1400,True,3
F0009,WED_1500,True,4
F0009,WED_1600,True,4
F0009,THU_0900,True,4
F0009,THU_1000,True,3
F0009,THU_1100,True,3
F0009,THU_1200,True,2
F0009,THU_1400,True,4
F0009,THU_1500,True,3
F0009,THU_1600,True,3
F0009,FRI_0900,True,3
F0009,FRI_1000,True,2
F0009,FRI_1100,True,4
F0009,FRI_1200,True,3
F0009,FRI_1400,True,3
F0009,FRI_1500,True,4
F0009,FRI_1600,True,3
F0010,MON_0900,True,2
F0010,MON_1000,True,2
F0010,MON_1100,True,3
F0010,MON_1200,True,4
F0010,MON_1400,True,2
F0010,MON_1500,True,3
F0010,MON_1600,True,3
F0010,TUE_0900,True,2
F0010,TUE_1000,True,2
F0010,TUE_1100,True,2
F0010,TUE_1200,True,3
F0010,TUE_1400,True,4
F0010,TUE_1500,True,3
F0010,TUE_1600,True,4
F0010,WED_0900,True,3
F0010,WED_1000,True,3
F0010,WED_1100,True,2
F0010,WED_1200,True,4
F0010,WED_1400,True,4
F0010,WED_1500,True,3
F0010,WED_1600,True,3
F0010,THU_0900,True,3
F0010,THU_1000,True,3
F0010,THU_1100,True,3
F0010,THU_1200,True,2
F0010,THU_1400,True,3
F0010,THU_1500,True,2
F0010,THU_1600,True,3
F0010,FRI_0900,True,3
F0010,FRI_1000,True,3
F0010,FRI_1100,True,2
F0010,FRI_1200,True,3
F0010,FRI_1400,True,2
F0010,FRI_1500,False,2
F0010,FRI_1600,False,3
F0011,MON_0900,True,3
F0011,MON_1000,True,3
F0011,MON_1100,True,2
F0011,MON_1200,True,3
F0011,MON_1400,True,3
F0011,MON_1500,True,2
F0011,MON_1600,True,3
F0011,TUE_0900,True,3
F0011,TUE_1000,True,2
F0011,TUE_1100,True,4
F0011,TUE_1200,True,3
F0011,TUE_1400,True,2
F0011,TUE_1500,True,2
F0011,TUE_1600,True,3
F0011,WED_0900,True,3
F0011,WED_1000,True,2
F0011,WED_1100,True,3
F0011,WED_1200,True,3
F0011,WED_1400,True,3
F0011,WED_1500,True,2
F0011,WED_1600,True,3
F0011,THU_0900,True,3
F0011,THU_1000,True,2
F0011,THU_1100,True,4
F0011,THU_1200,True,4
F0011,THU_1400,True,3
F0011,THU_1500,True,3
F0011,THU_1600,True,2
F0011,FRI_0900,True,4
F0011,FRI_1000,True,2
F0011,FRI_1100,True,3
F0011,FRI_1200,True,2
F0011,FRI_1400,True,3
F0011,FRI_1500,True,4
F0011,FRI_1600,True,3
F0012,MON_0900,True,2
F0012,MON_1000,True,3
F0012,MON_1100,True,4
F0012,MON_1200,True,3
F0012,MON_1400,True,2
F0012,MON_1500,True,4
F0012,MON_1600,True,3
F0012,TUE_0900,True,3
F0012,TUE_1000,True,3
F0012,TUE_1100,True,3
F0012,TUE_1200,True,4
F0012,TUE_1400,True,3
F0012,TUE_1500,True,3
F0012,TUE_1600,True,4
F0012,WED_0900,True,3
F0012,WED_1000,True,2
F0012,WED_1100,True,3
F0012,WED_1200,True,4
F0012,WED_1400,True,2
F0012,WED_1500,True,3
F0012,WED_1600,True,3
F0012,THU_0900,True,2
F0012,THU_1000,True,3
F0012,THU_1100,True,3
F0012,THU_1200,True,3
F0012,THU_1400,True,3
F0012,THU_1500,True,3
F0012,THU_1600,True,2
F0012,FRI_0900,True,2
F0012,FRI_1000,True,3
F0012,FRI_1100,True,4
F0012,FRI_1200,True,4
F0012,FRI_1400,True,3
F0012,FRI_1500,True,3
F0012,FRI_1600,True,2
F0013,MON_0900,True,2
F0013,MON_1000,True,4
F0013,MON_1100,True,2
F0013,MON_1200,True,4
F0013,MON_1400,True,3
F0013,MON_1500,True,2
F0013,MON_1600,True,2
F0013,TUE_0900,True,2
F0013,TUE_1000,True,3
F0013,TUE_1100,True,2
F0013,TUE_1200,True,4
F0013,TUE_1400,True,3
F0013,TUE_1500,True,3
F0013,TUE_1600,True,3
F0013,WED_0900,True,2
F0013,WED_1000,True,3
F0013,WED_1100,True,3
F0013,WED_1200,True,4
F0013,WED_1400,True,4
F0013,WED_1500,True,3
F0013,WED_1600,True,4
F0013,THU_0900,True,3
F0013,THU_1000,True,2
F0013,THU_1100,True,3
F0013,THU_1200,True,4
F0013,THU_1400,True,3
F0013,THU_1500,True,2
F0013,THU_1600,True,2
F0013,FRI_0900,True,2
F0013,FRI_1000,True,4
F0013,FRI_1100,True,3
F0013,FRI_1200,True,3
F0013,FRI_1400,True,3
F0013,FRI_1500,True,2
F0013,FRI_1600,True,3
F0014,MON_0900,True,4
F0014,MON_1000,True,3
F0014,MON_1100,True,3
F0014,MON_1200,True,4
F0014,MON_1400,True,4
F0014,MON_1500,True,3
F0014,MON_1600,True,3
F0014,TUE_0900,True,4
F0014,TUE_1000,True,4
F0014,TUE_1100,True,2
F0014,TUE_1200,True,3
F0014,TUE_1400,True,2
F0014,TUE_1500,True,4
F0014,TUE_1600,True,3
F0014,WED_0900,True,3
F0014,WED_1000,True,4
F0014,WED_1100,True,4
F0014,WED_1200,True,4
F0014,WED_1400,True,3
F0014,WED_1500,True,4
F0014,WED_1600,True,3
F0014,THU_0900,True,3
F0014,THU_1000,True,2
F0014,THU_1100,True,3
F0014,THU_1200,True,3
F0014,THU_1400,True,3
F0014,THU_1500,True,3
F0014,THU_1600,True,3
F0014,FRI_0900,True,3
F0014,FRI_1000,True,3
F0014,FRI_1100,True,4
F0014,FRI_1200,True,4
F0014,FRI_1400,True,3
F0014,FRI_1500,True,4
F0014,FRI_1600,True,2
F0015,MON_0900,True,3
F0015,MON_1000,True,3
F0015,MON_1100,True,3
F0015,MON_1200,True,4
F0015,MON_1400,True,2
F0015,MON_1500,True,3
F0015,MON_1600,True,4
F0015,TUE_0900,True,2
F0015,TUE_1000,True,3
F0015,TUE_1100,True,2
F0015,TUE_1200,True,2
F0015,TUE_1400,True,2
F0015,TUE_1500,True,4
F0015,TUE_1600,True,3
F0015,WED_0900,True,3
F0015,WED_1000,True,3
F0015,WED_1100,True,2
F0015,WED_1200,True,3
F0015,WED_1400,True,3
F0015,WED_1500,True,2
F0015,WED_1600,True,4
F0015,THU_0900,True,3
F0015,THU_1000,True,3
F0015,THU_1100,True,4
F0015,THU_1200,True,3
F0015,THU_1400,True,2
F0015,THU_1500,True,4
F0015,THU_1600,True,2
F0015,FRI_0900,True,2
F0015,FRI_1000,True,2
F0015,FRI_1100,True,3
F0015,FRI_1200,True,3
F0015,FRI_1400,True,3
F0015,FRI_1500,True,3
F0015,FRI_1600,True,2
F0016,MON_0900,True,3
F0016,MON_1000,True,2
F0016,MON_1100,True,2
F0016,MON_1200,True,3
F0016,MON_1400,True,3
F0016,MON_1500,True,3
F0016,MON_1600,True,3
F0016,TUE_0900,True,4
F0016,TUE_1000,True,2
F0016,TUE_1100,True,3
F0016,TUE_1200,True,3
F0016,TUE_1400,True,4
F0016,TUE_1500,True,3
F0016,TUE_1600,True,3
F0016,WED_0900,True,3
F0016,WED_1000,True,3
F0016,WED_1100,True,3
F0016,WED_1200,True,3
F0016,WED_1400,True,4
F0016,WED_1500,True,3
F0016,WED_1600,True,2
F0016,THU_0900,True,4
F0016,THU_1000,True,3
F0016,THU_1100,True,4
F0016,THU_1200,True,3
F0016,THU_1400,True,2
F0016,THU_1500,True,3
F0016,THU_1600,True,4
F0016,FRI_0900,True,3
F0016,FRI_1000,True,3
F0016,FRI_1100,True,4
F0016,FRI_1200,True,2
F0016,FRI_1400,True,3
F0016,FRI_1500,True,3
F0016,FRI_1600,True,4
F0017,MON_0900,True,3
F0017,MON_1000,True,2
F0017,MON_1100,True,3
F0017,MON_1200,True,3
F0017,MON_1400,True,4
F0017,MON_1500,True,3
F0017,MON_1600,True,3
F0017,TUE_0900,True,4
F0017,TUE_1000,True,3
F0017,TUE_1100,True,4
F0017,TUE_1200,True,4
F0017,TUE_1400,True,4
F0017,TUE_1500,True,3
F0017,TUE_1600,True,2
F0017,WED_0900,True,3
F0017,WED_1000,True,2
F0017,WED_1100,True,4
F0017,WED_1200,True,4
F0017,WED_1400,True,2
F0017,WED_1500,True,3
F0017,WED_1600,True,4
F0017,THU_0900,True,3
F0017,THU_1000,True,4
F0017,THU_1100,True,4
F0017,THU_1200,True,4
F0017,THU_1400,True,2
F0017,THU_1500,True,4
F0017,THU_1600,True,3
F0017,FRI_0900,True,4
F0017,FRI_1000,True,4
F0017,FRI_1100,True,4
F0017,FRI_1200,True,4
F0017,FRI_1400,True,3
F0017,FRI_1500,True,3
F0017,FRI_1600,True,3
F0018,MON_0900,True,3
F0018,MON_1000,True,3
F0018,MON_1100,True,3
F0018,MON_1200,True,3
F0018,MON_1400,True,3
F0018,MON_1500,True,2
F0018,MON_1600,True,3
F0018,TUE_0900,True,3
F0018,TUE_1000,True,3
F0018,TUE_1100,True,3
F0018,TUE_1200,True,4
F0018,TUE_1400,True,2
F0018,TUE_1500,True,3
F0018,TUE_1600,True,2
F0018,WED_0900,True,4
F0018,WED_1000,True,2
F0018,WED_1100,True,3
F0018,WED_1200,True,3
F0018,WED_1400,True,4
F0018,WED_1500,True,4
F0018,WED_1600,True,2
F0018,THU_0900,True,3
F0018,THU_1000,True,4
F0018,THU_1100,True,3
F0018,THU_1200,True,2
F0018,THU_1400,True,3
F0018,THU_1500,True,4
F0018,THU_1600,True,3
F0018,FRI_0900,True,2
F0018,FRI_1000,True,2
F0018,FRI_1100,True,3
F0018,FRI_1200,True,4
F0018,FRI_1400,True,4
F0018,FRI_1500,True,3
F0018,FRI_1600,True,4
F0019,MON_0900,True,4
F0019,MON_1000,True,3
F0019,MON_1100,True,3
F0019,MON_1200,True,3
F0019,MON_1400,True,2
F0019,MON_1500,True,3
F0019,MON_1600,True,3
F0019,TUE_0900,True,4
F0019,TUE_1000,True,2
F0019,TUE_1100,True,4
F0019,TUE_1200,True,3
F0019,TUE_1400,True,2
F0019,TUE_1500,True,2
F0019,TUE_1600,True,3
F0019,WED_0900,True,4
F0019,WED_1000,True,2
F0019,WED_1100,True,3
F0019,WED_1200,True,2
F0019,WED_1400,True,2
F0019,WED_1500,True,3
F0019,WED_1600,True,3
F0019,THU_0900,True,2
F0019,THU_1000,True,2
F0019,THU_1100,True,2
F0019,THU_1200,True,3
F0019,THU_1400,True,3
F0019,THU_1500,True,4
F0019,THU_1600,True,4
F0019,FRI_0900,True,3
F0019,FRI_1000,True,4
F0019,FRI_1100,True,3
F0019,FRI_1200,True,3
F0019,FRI_1400,True,3
F0019,FRI_1500,True,2
F0019,FRI_1600,True,3
F0020,MON_0900,True,3
F0020,MON_1000,True,4
F0020,MON_1100,True,4
F0020,MON_1200,True,3
F0020,MON_1400,True,3
F0020,MON_1500,True,2
F0020,MON_1600,True,4
F0020,TUE_0900,True,2
F0020,TUE_1000,True,4
F0020,TUE_1100,True,4
F0020,TUE_1200,True,4
F0020,TUE_1400,True,3
F0020,TUE_1500,True,3
F0020,TUE_1600,True,4
F0020,WED_0900,True,3
F0020,WED_1000,True,4
F0020,WED_1100,True,3
F0020,WED_1200,True,3
F0020,WED_1400,True,4
F0020,WED_1500,True,2
F0020,WED_1600,True,4
F0020,THU_0900,True,3
F0020,THU_1000,True,3
F0020,THU_1100,True,3
F0020,THU_1200,True,3
F0020,THU_1400,True,3
F0020,THU_1500,True,4
F0020,THU_1600,True,3
F0020,FRI_0900,True,2
F0020,FRI_1000,True,3
F0020,FRI_1100,True,3
F0020,FRI_1200,True,3
F0020,FRI_1400,True,3
F0020,FRI_1500,False,2
F0020,FRI_1600,False,3
F0021,MON_0900,True,4
F0021,MON_1000,True,3
F0021,MON_1100,True,3
F0021,MON_1200,True,4
F0021,MON_1400,True,3
F0021,MON_1500,True,3
F0021,MON_1600,True,2
F0021,TUE_0900,True,4
F0021,TUE_1000,True,4
F0021,TUE_1100,True,2
F0021,TUE_1200,True,3
F0021,TUE_1400,True,3
F0021,TUE_1500,True,2
F0021,TUE_1600,True,3
F0021,WED_0900,True,2
F0021,WED_1000,True,4
F0021,WED_1100,True,4
F0021,WED_1200,True,2
F0021,WED_1400,True,3
F0021,WED_1500,True,4
F0021,WED_1600,True,2
F0021,THU_0900,True,3
F0021,THU_1000,True,2
F0021,THU_1100,True,3
F0021,THU_1200,True,2
F0021,THU_1400,True,3
F0021,THU_1500,True,4
F0021,THU_1600,True,4
F0021,FRI_0900,True,3
F0021,FRI_1000,True,2
F0021,FRI_1100,True,3
F0021,FRI_1200,True,2
F0021,FRI_1400,True,3
F0021,FRI_1500,True,4
F0021,FRI_1600,True,4
F0022,MON_0900,True,4
F0022,MON_1000,True,3
F0022,MON_1100,True,4
F0022,MON_1200,True,3
F0022,MON_1400,True,4
F0022,MON_1500,True,3
F0022,MON_1600,True,3
F0022,TUE_0900,True,2
F0022,TUE_1000,True,3
F0022,TUE_1100,True,4
F0022,TUE_1200,True,3
F0022,TUE_1400,True,3
F0022,TUE_1500,True,3
F0022,TUE_1600,True,3
F0022,WED_0900,True,3
F0022,WED_1000,True,4
F0022,WED_1100,True,4
F0022,WED_1200,True,3
F0022,WED_1400,True,3
F0022,WED_1500,True,2
F0022,WED_1600,True,4
F0022,THU_0900,True,4
F0022,THU_1000,True,2
F0022,THU_1100,True,3
F0022,THU_1200,True,3
F0022,THU_1400,True,2
F0022,THU_1500,True,4
F0022,THU_1600,True,2
F0022,FRI_0900,True,3
F0022,FRI_1000,True,3
F0022,FRI_1100,True,3
F0022,FRI_1200,True,4
F0022,FRI_1400,True,3
F0022,FRI_1500,True,3
F0022,FRI_1600,True,4
F0023,MON_0900,True,3
F0023,MON_1000,True,3
F0023,MON_1100,True,2
F0023,MON_1200,True,3
F0023,MON_1400,True,3
F0023,MON_1500,True,4
F0023,MON_1600,True,3
F0023,TUE_0900,True,4
F0023,TUE_1000,True,3
F0023,TUE_1100,True,3
F0023,TUE_1200,True,3
F0023,TUE_1400,True,4
F0023,TUE_1500,True,2
F0023,TUE_1600,True,4
F0023,WED_0900,True,2
F0023,WED_1000,True,3
F0023,WED_1100,True,2
F0023,WED_1200,True,2
F0023,WED_1400,True,4
F0023,WED_1500,True,4
F0023,WED_1600,True,3
F0023,THU_0900,True,3
F0023,THU_1000,True,4
F0023,THU_1100,True,3
F0023,THU_1200,True,3
F0023,THU_1400,True,2
F0023,THU_1500,True,3
F0023,THU_1600,True,3
F0023,FRI_0900,True,4
F0023,FRI_1000,True,3
F0023,FRI_1100,True,4
F0023,FRI_1200,True,3
F0023,FRI_1400,True,4
F0023,FRI_1500,False,3
F0023,FRI_1600,False,2
F0024,MON_0900,True,4
F0024,MON_1000,True,2
F0024,MON_1100,True,3
F0024,MON_1200,True,3
F0024,MON_1400,True,4
F0024,MON_1500,True,3
F0024,MON_1600,True,3
F0024,TUE_0900,True,3
F0024,TUE_1000,True,3
F0024,TUE_1100,True,3
F0024,TUE_1200,True,3
F0024,TUE_1400,True,3
F0024,TUE_1500,True,3
F0024,TUE_1600,True,3
F0024,WED_0900,True,3
F0024,WED_1000,True,3
F0024,WED_1100,True,2
F0024,WED_1200,True,4
F0024,WED_1400,True,3
F0024,WED_1500,True,3
F0024,WED_1600,True,3
F0024,THU_0900,True,2
F0024,THU_1000,True,3
F0024,THU_1100,True,3
F0024,THU_1200,True,3
F0024,THU_1400,True,4
F0024,THU_1500,True,3
F0024,THU_1600,True,2
F0024,FRI_0900,True,2
F0024,FRI_1000,True,2
F0024,FRI_1100,True,3
F0024,FRI_1200,True,3
F0024,FRI_1400,True,3
F0024,FRI_1500,True,2
F0024,FRI_1600,True,3
F0025,MON_0900,True,3
F0025,MON_1000,True,4
F0025,MON_1100,True,3
F0025,MON_1200,True,2
F0025,MON_1400,True,3
F0025,MON_1500,True,3
F0025,MON_1600,True,3
F0025,TUE_0900,True,3
F0025,TUE_1000,True,4
F0025,TUE_1100,True,3
F0025,TUE_1200,True,3
F0025,TUE_1400,True,2
F0025,TUE_1500,True,4
F0025,TUE_1600,True,3
F0025,WED_0900,True,3
F0025,WED_1000,True,2
F0025,WED_1100,True,3
F0025,WED_1200,True,2
F0025,WED_1400,True,3
F0025,WED_1500,True,2
F0025,WED_1600,True,3
F0025,THU_0900,True,4
F0025,THU_1000,True,4
F0025,THU_1100,True,2
F0025,THU_1200,True,3
F0025,THU_1400,True,4
F0025,THU_1500,True,3
F0025,THU_1600,True,3
F0025,FRI_0900,True,3
F0025,FRI_1000,True,4
F0025,FRI_1100,True,3
F0025,FRI_1200,True,3
F0025,FRI_1400,True,3
F0025,FRI_1500,True,4
F0025,FRI_1600,True,2
F0026,MON_0900,True,3
F0026,MON_1000,True,3
F0026,MON_1100,True,3
F0026,MON_1200,True,2
F0026,MON_1400,True,3
F0026,MON_1500,True,4
F0026,MON_1600,True,3
F0026,TUE_0900,True,4
F0026,TUE_1000,True,3
F0026,TUE_1100,True,4
F0026,TUE_1200,True,4
F0026,TUE_1400,True,3
F0026,TUE_1500,True,3
F0026,TUE_1600,True,2
F0026,WED_0900,True,4
F0026,WED_1000,True,3
F0026,WED_1100,True,2
F0026,WED_1200,True,3
F0026,WED_1400,True,4
F0026,WED_1500,True,3
F0026,WED_1600,True,4
F0026,THU_0900,True,3
F0026,THU_1000,True,2
F0026,THU_1100,True,4
F0026,THU_1200,True,3
F0026,THU_1400,True,4
F0026,THU_1500,True,2
F0026,THU_1600,True,3
F0026,FRI_0900,True,3
F0026,FRI_1000,True,3
F0026,FRI_1100,True,2
F0026,FRI_1200,True,3
F0026,FRI_1400,True,4
F0026,FRI_1500,True,4
F0026,FRI_1600,True,2
F0027,MON_0900,True,3
F0027,MON_1000,True,2
F0027,MON_1100,True,3
F0027,MON_1200,True,3
F0027,MON_1400,True,3
F0027,MON_1500,True,2
F0027,MON_1600,True,3
F0027,TUE_0900,True,2
F0027,TUE_1000,True,3
F0027,TUE_1100,True,2
F0027,TUE_1200,True,2
F0027,TUE_1400,True,4
F0027,TUE_1500,True,4
F0027,TUE_1600,True,4
F0027,WED_0900,True,3
F0027,WED_1000,True,4
F0027,WED_1100,True,4
F0027,WED_1200,True,2
F0027,WED_1400,True,2
F0027,WED_1500,True,4
F0027,WED_1600,True,2
F0027,THU_0900,True,3
F0027,THU_1000,True,2
F0027,THU_1100,True,2
F0027,THU_1200,True,2
F0027,THU_1400,True,3
F0027,THU_1500,True,2
F0027,THU_1600,True,2
F0027,FRI_0900,True,3
F0027,FRI_1000,True,2
F0027,FRI_1100,True,3
F0027,FRI_1200,True,2
F0027,FRI_1400,True,3
F0027,FRI_1500,True,3
F0027,FRI_1600,True,3
F0028,MON_0900,True,3
F0028,MON_1000,True,4
F0028,MON_1100,True,3
F0028,MON_1200,True,2
F0028,MON_1400,True,3
F0028,MON_1500,True,4
F0028,MON_1600,True,4
F0028,TUE_0900,True,2
F0028,TUE_1000,True,2
F0028,TUE_1100,True,3
F0028,TUE_1200,True,3
F0028,TUE_1400,True,4
F0028,TUE_1500,True,3
F0028,TUE_1600,True,3
F0028,WED_0900,True,3
F0028,WED_1000,True,4
F0028,WED_1100,True,4
F0028,WED_1200,True,2
F0028,WED_1400,True,3
F0028,WED_1500,True,3
F0028,WED_1600,True,3
F0028,THU_0900,True,3
F0028,THU_1000,True,3
F0028,THU_1100,True,3
F0028,THU_1200,True,4
F0028,THU_1400,True,4
F0028,THU_1500,True,4
F0028,THU_1600,True,3
F0028,FRI_0900,True,2
F0028,FRI_1000,True,3
F0028,FRI_1100,True,3
F0028,FRI_1200,True,4
F0028,FRI_1400,True,3
F0028,FRI_1500,True,3
F0028,FRI_1600,True,3
F0029,MON_0900,True,4
F0029,MON_1000,True,2
F0029,MON_1100,True,3
F0029,MON_1200,True,3
F0029,MON_1400,True,2
F0029,MON_1500,True,2
F0029,MON_1600,True,4
F0029,TUE_0900,True,2
F0029,TUE_1000,True,3
F0029,TUE_1100,True,2
F0029,TUE_1200,True,2
F0029,TUE_1400,True,2
F0029,TUE_1500,True,4
F0029,TUE_1600,True,3
F0029,WED_0900,True,3
F0029,WED_1000,True,3
F0029,WED_1100,True,2
F0029,WED_1200,True,4
F0029,WED_1400,True,3
F0029,WED_1500,True,4
F0029,WED_1600,True,4
F0029,THU_0900,True,3
F0029,THU_1000,True,3
F0029,THU_1100,True,3
F0029,THU_1200,True,3
F0029,THU_1400,True,3
F0029,THU_1500,True,3
F0029,THU_1600,True,3
F0029,FRI_0900,True,4
F0029,FRI_1000,True,3
F0029,FRI_1100,True,4
F0029,FRI_1200,True,3
F0029,FRI_1400,True,3
F0029,FRI_1500,True,2
F0029,FRI_1600,True,3
F0030,MON_0900,True,4
F0030,MON_1000,True,3
F0030,MON_1100,True,2
F0030,MON_1200,True,2
F0030,MON_1400,True,3
F0030,MON_1500,True,3
F0030,MON_1600,True,2
F0030,TUE_0900,True,3
F0030,TUE_1000,True,2
F0030,TUE_1100,True,2
F0030,TUE_1200,True,3
F0030,TUE_1400,True,3
F0030,TUE_1500,True,3
F0030,TUE_1600,True,3
F0030,WED_0900,True,2
F0030,WED_1000,True,3
F0030,WED_1100,True,2
F0030,WED_1200,True,3
F0030,WED_1400,True,3
F0030,WED_1500,True,2
F0030,WED_1600,True,3
F0030,THU_0900,True,4
F0030,THU_1000,True,3
F0030,THU_1100,True,3
F0030,THU_1200,True,2
F0030,THU_1400,True,4
F0030,THU_1500,True,2
F0030,THU_1600,True,4
F0030,FRI_0900,True,2
F0030,FRI_1000,True,3
F0030,FRI_1100,True,2
F0030,FRI_1200,True,2
F0030,FRI_1400,True,3
F0030,FRI_1500,True,4
F0030,FRI_1600,True,3
F0031,MON_0900,True,2
F0031,MON_1000,True,3
F0031,MON_1100,True,4
F0031,MON_1200,True,2
F0031,MON_1400,True,2
F0031,MON_1500,True,3
F0031,MON_1600,True,3
F0031,TUE_0900,True,3
F0031,TUE_1000,True,4
F0031,TUE_1100,True,3
F0031,TUE_1200,True,4
F0031,TUE_1400,True,2
F0031,TUE_1500,True,3
F0031,TUE_1600,True,2
F0031,WED_0900,True,3
F0031,WED_1000,True,3
F0031,WED_1100,True,3
F0031,WED_1200,True,3
F0031,WED_1400,True,3
F0031,WED_1500,True,2
F0031,WED_1600,True,4
F0031,THU_0900,True,2
F0031,THU_1000,True,3
F0031,THU_1100,True,2
F0031,THU_1200,True,3
F0031,THU_1400,True,4
F0031,THU_1500,True,3
F0031,THU_1600,True,4
F0031,FRI_0900,True,3
F0031,FRI_1000,True,3
F0031,FRI_1100,True,3
F0031,FRI_1200,True,3
F0031,FRI_1400,True,2
F0031,FRI_1500,True,4
F0031,FRI_1600,True,3
F0032,MON_0900,True,3
F0032,MON_1000,True,3
F0032,MON_1100,True,4
F0032,MON_1200,True,2
F0032,MON_1400,True,3
F0032,MON_1500,True,2
F0032,MON_1600,True,3
F0032,TUE_0900,True,3
F0032,TUE_1000,True,3
F0032,TUE_1100,True,2
F0032,TUE_1200,True,2
F0032,TUE_1400,True,3
F0032,TUE_1500,True,3
F0032,TUE_1600,True,3
F0032,WED_0900,True,4
F0032,WED_1000,True,3
F0032,WED_1100,True,2
F0032,WED_1200,True,2
F0032,WED_1400,True,2
F0032,WED_1500,True,3
F0032,WED_1600,True,3
F0032,THU_0900,True,4
F0032,THU_1000,True,4
F0032,THU_1100,True,4
F0032,THU_1200,True,3
F0032,THU_1400,True,3
F0032,THU_1500,True,3
F0032,THU_1600,True,3
F0032,FRI_0900,True,3
F0032,FRI_1000,True,4
F0032,FRI_1100,True,3
F0032,FRI_1200,True,2
F0032,FRI_1400,True,4
F0032,FRI_1500,True,4
F0032,FRI_1600,True,3
F0033,MON_0900,True,3
F0033,MON_1000,True,2
F0033,MON_1100,True,3
F0033,MON_1200,True,2
F0033,MON_1400,True,4
F0033,MON_1500,True,2
F0033,MON_1600,True,2
F0033,TUE_0900,True,2
F0033,TUE_1000,True,4
F0033,TUE_1100,True,3
F0033,TUE_1200,True,3
F0033,TUE_1400,True,4
F0033,TUE_1500,True,3
F0033,TUE_1600,True,3
F0033,WED_0900,True,4
F0033,WED_1000,True,3
F0033,WED_1100,True,2
F0033,WED_1200,True,4
F0033,WED_1400,True,4
F0033,WED_1500,True,2
F0033,WED_1600,True,4
F0033,THU_0900,True,4
F0033,THU_1000,True,3
F0033,THU_1100,True,3
F0033,THU_1200,True,4
F0033,THU_1400,True,4
F0033,THU_1500,True,3
F0033,THU_1600,True,3
F0033,FRI_0900,True,3
F0033,FRI_1000,True,2
F0033,FRI_1100,True,4
F0033,FRI_1200,True,3
F0033,FRI_1400,True,4
F0033,FRI_1500,True,4
F0033,FRI_1600,True,2
F0034,MON_0900,True,2
F0034,MON_1000,True,3
F0034,MON_1100,True,2
F0034,MON_1200,True,2
F0034,MON_1400,True,3
F0034,MON_1500,True,3
F0034,MON_1600,True,3
F0034,TUE_0900,True,3
F0034,TUE_1000,True,3
F0034,TUE_1100,True,3
F0034,TUE_1200,True,4
F0034,TUE_1400,True,2
F0034,TUE_1500,True,3
F0034,TUE_1600,True,3
F0034,WED_0900,True,2
F0034,WED_1000,True,3
F0034,WED_1100,True,3
F0034,WED_1200,True,2
F0034,WED_1400,True,3
F0034,WED_1500,True,3
F0034,WED_1600,True,3
F0034,THU_0900,True,3
F0034,THU_1000,True,2
F0034,THU_1100,True,3
F0034,THU_1200,True,3
F0034,THU_1400,True,4
F0034,THU_1500,True,3
F0034,THU_1600,True,3
F0034,FRI_0900,True,4
F0034,FRI_1000,True,3
F0034,FRI_1100,True,3
F0034,FRI_1200,True,3
F0034,FRI_1400,True,2
F0034,FRI_1500,True,4
F0034,FRI_1600,True,3
F0035,MON_0900,True,2
F0035,MON_1000,True,3
F0035,MON_1100,True,2
F0035,MON_1200,True,4
F0035,MON_1400,True,3
F0035,MON_1500,True,3
F0035,MON_1600,True,3
F0035,TUE_0900,True,2
F0035,TUE_1000,True,3
F0035,TUE_1100,True,3
F0035,TUE_1200,True,3
F0035,TUE_1400,True,3
F0035,TUE_1500,True,2
F0035,TUE_1600,True,2
F0035,WED_0900,True,3
F0035,WED_1000,True,4
F0035,WED_1100,True,3
F0035,WED_1200,True,4
F0035,WED_1400,True,4
F0035,WED_1500,True,3
F0035,WED_1600,True,3
F0035,THU_0900,True,3
F0035,THU_1000,True,3
F0035,THU_1100,True,3
F0035,THU_1200,True,4
F0035,THU_1400,True,3
F0035,THU_1500,True,2
F0035,THU_1600,True,3
F0035,FRI_0900,True,3
F0035,FRI_1000,True,2
F0035,FRI_1100,True,3
F0035,FRI_1200,True,2
F0035,FRI_1400,True,4
F0035,FRI_1500,True,3
F0035,FRI_1600,True,3
F0036,MON_0900,True,3
F0036,MON_1000,True,2
F0036,MON_1100,True,4
F0036,MON_1200,True,2
F0036,MON_1400,True,4
F0036,MON_1500,True,4
F0036,MON_1600,True,2
F0036,TUE_0900,True,4
F0036,TUE_1000,True,2
F0036,TUE_1100,True,2
F0036,TUE_1200,True,3
F0036,TUE_1400,True,3
F0036,TUE_1500,True,3
F0036,TUE_1600,True,3
F0036,WED_0900,True,3
F0036,WED_1000,True,3
F0036,WED_1100,True,4
F0036,WED_1200,True,3
F0036,WED_1400,True,3
F0036,WED_1500,True,2
F0036,WED_1600,True,2
F0036,THU_0900,True,4
F0036,THU_1000,True,3
F0036,THU_1100,True,2
F0036,THU_1200,True,3
F0036,THU_1400,True,3
F0036,THU_1500,True,3
F0036,THU_1600,True,3
F0036,FRI_0900,True,4
F0036,FRI_1000,True,3
F0036,FRI_1100,True,2
F0036,FRI_1200,True,3
F0036,FRI_1400,True,3
F0036,FRI_1500,True,4
F0036,FRI_1600,True,2
F0037,MON_0900,True,3
F0037,MON_1000,True,2
F0037,MON_1100,True,3
F0037,MON_1200,True,4
F0037,MON_1400,True,3
F0037,MON_1500,True,3
F0037,MON_1600,True,4
F0037,TUE_0900,True,4
F0037,TUE_1000,True,2
F0037,TUE_1100,True,4
F0037,TUE_1200,True,4
F0037,TUE_1400,True,2
F0037,TUE_1500,True,3
F0037,TUE_1600,True,4
F0037,WED_0900,True,3
F0037,WED_1000,True,3
F0037,WED_1100,True,4
F0037,WED_1200,True,4
F0037,WED_1400,True,3
F0037,WED_1500,True,4
F0037,WED_1600,True,3
F0037,THU_0900,True,3
F0037,THU_1000,True,2
F0037,THU_1100,True,2
F0037,THU_1200,True,3
F0037,THU_1400,True,3
F0037,THU_1500,True,4
F0037,THU_1600,True,3
F0037,FRI_0900,True,2
F0037,FRI_1000,True,3
F0037,FRI_1100,True,2
F0037,FRI_1200,True,3
F0037,FRI_1400,True,3
F0037,FRI_1500,False,2
F0037,FRI_1600,False,2
F0038,MON_0900,True,4
F0038,MON_1000,True,3
F0038,MON_1100,True,3
F0038,MON_1200,True,4
F0038,MON_1400,True,4
F0038,MON_1500,True,3
F0038,MON_1600,True,2
F0038,TUE_0900,True,3
F0038,TUE_1000,True,3
F0038,TUE_1100,True,2
F0038,TUE_1200,True,3
F0038,TUE_1400,True,3
F0038,TUE_1500,True,2
F0038,TUE_1600,True,3
F0038,WED_0900,True,4
F0038,WED_1000,True,2
F0038,WED_1100,True,3
F0038,WED_1200,True,3
F0038,WED_1400,True,4
F0038,WED_1500,True,4
F0038,WED_1600,True,4
F0038,THU_0900,True,4
F0038,THU_1000,True,3
F0038,THU_1100,True,2
F0038,THU_1200,True,2
F0038,THU_1400,True,3
F0038,THU_1500,True,3
F0038,THU_1600,True,3
F0038,FRI_0900,True,4
F0038,FRI_1000,True,2
F0038,FRI_1100,True,2
F0038,FRI_1200,True,3
F0038,FRI_1400,True,3
F0038,FRI_1500,True,3
F0038,FRI_1600,True,4
F0039,MON_0900,True,3
F0039,MON_1000,True,2
F0039,MON_1100,True,4
F0039,MON_1200,True,4
F0039,MON_1400,True,2
F0039,MON_1500,True,3
F0039,MON_1600,True,4
F0039,TUE_0900,True,2
F0039,TUE_1000,True,3
F0039,TUE_1100,True,3
F0039,TUE_1200,True,3
F0039,TUE_1400,True,3
F0039,TUE_1500,True,3
F0039,TUE_1600,True,2
F0039,WED_0900,True,2
F0039,WED_1000,True,3
F0039,WED_1100,True,2
F0039,WED_1200,True,2
F0039,WED_1400,True,3
F0039,WED_1500,True,3
F0039,WED_1600,True,3
F0039,THU_0900,True,4
F0039,THU_1000,True,2
F0039,THU_1100,True,3
F0039,THU_1200,True,3
F0039,THU_1400,True,3
F0039,THU_1500,True,2
F0039,THU_1600,True,2
F0039,FRI_0900,True,2
F0039,FRI_1000,True,3
F0039,FRI_1100,True,4
F0039,FRI_1200,True,2
F0039,FRI_1400,True,2
F0039,FRI_1500,True,3
F0039,FRI_1600,True,3
F0040,MON_0900,True,2
F0040,MON_1000,True,3
F0040,MON_1100,True,3
F0040,MON_1200,True,4
F0040,MON_1400,True,4
F0040,MON_1500,True,4
F0040,MON_1600,True,2
F0040,TUE_0900,True,4
F0040,TUE_1000,True,3
F0040,TUE_1100,True,2
F0040,TUE_1200,True,4
F0040,TUE_1400,True,3
F0040,TUE_1500,True,4
F0040,TUE_1600,True,3
F0040,WED_0900,True,3
F0040,WED_1000,True,3
F0040,WED_1100,True,2
F0040,WED_1200,True,3
F0040,WED_1400,True,3
F0040,WED_1500,True,2
F0040,WED_1600,True,3
F0040,THU_0900,True,3
F0040,THU_1000,True,4
F0040,THU_1100,True,2
F0040,THU_1200,True,3
F0040,THU_1400,True,4
F0040,THU_1500,True,3
F0040,THU_1600,True,2
F0040,FRI_0900,True,4
F0040,FRI_1000,True,4
F0040,FRI_1100,True,3
F0040,FRI_1200,True,3
F0040,FRI_1400,True,2
F0040,FRI_1500,True,4
F0040,FRI_1600,True,4
F0041,MON_0900,True,3
F0041,MON_1000,True,3
F0041,MON_1100,True,4
F0041,MON_1200,True,4
F0041,MON_1400,True,2
F0041,MON_1500,True,3
F0041,MON_1600,True,3
F0041,TUE_0900,True,3
F0041,TUE_1000,True,3
F0041,TUE_1100,True,3
F0041,TUE_1200,True,3
F0041,TUE_1400,True,4
F0041,TUE_1500,True,3
F0041,TUE_1600,True,3
F0041,WED_0900,True,2
F0041,WED_1000,True,4
F0041,WED_1100,True,3
F0041,WED_1200,True,3
F0041,WED_1400,True,4
F0041,WED_1500,True,2
F0041,WED_1600,True,2
F0041,THU_0900,True,3
F0041,THU_1000,True,3
F0041,THU_1100,True,4
F0041,THU_1200,True,4
F0041,THU_1400,True,3
F0041,THU_1500,True,4
F0041,THU_1600,True,3
F0041,FRI_0900,True,4
F0041,FRI_1000,True,2
F0041,FRI_1100,True,4
F0041,FRI_1200,True,4
F0041,FRI_1400,True,3
F0041,FRI_1500,True,4
F0041,FRI_1600,True,2
F0042,MON_0900,True,2
F0042,MON_1000,True,4
F0042,MON_1100,True,2
F0042,MON_1200,True,3
F0042,MON_1400,True,3
F0042,MON_1500,True,3
F0042,MON_1600,True,2
F0042,TUE_0900,True,3
F0042,TUE_1000,True,3
F0042,TUE_1100,True,4
F0042,TUE_1200,True,2
F0042,TUE_1400,True,3
F0042,TUE_1500,True,2
F0042,TUE_1600,True,2
F0042,WED_0900,True,3
F0042,WED_1000,True,4
F0042,WED_1100,True,3
F0042,WED_1200,True,3
F0042,WED_1400,True,3
F0042,WED_1500,True,3
F0042,WED_1600,True,2
F0042,THU_0900,True,2
F0042,THU_1000,True,3
F0042,THU_1100,True,2
F0042,THU_1200,True,3
F0042,THU_1400,True,2
F0042,THU_1500,True,3
F0042,THU_1600,True,2
F0042,FRI_0900,True,3
F0042,FRI_1000,True,3
F0042,FRI_1100,True,4
F0042,FRI_1200,True,3
F0042,FRI_1400,True,4
F0042,FRI_1500,True,3
F0042,FRI_1600,True,3
F0043,MON_0900,True,2
F0043,MON_1000,True,2
F0043,MON_1100,True,3
F0043,MON_1200,True,2
F0043,MON_1400,True,3
F0043,MON_1500,True,3
F0043,MON_1600,True,2
F0043,TUE_0900,True,3
F0043,TUE_1000,True,3
F0043,TUE_1100,True,3
F0043,TUE_1200,True,3
F0043,TUE_1400,True,3
F0043,TUE_1500,True,3
F0043,TUE_1600,True,3
F0043,WED_0900,True,2
F0043,WED_1000,True,3
F0043,WED_1100,True,4
F0043,WED_1200,True,3
F0043,WED_1400,True,3
F0043,WED_1500,True,2
F0043,WED_1600,True,2
F0043,THU_0900,True,3
F0043,THU_1000,True,3
F0043,THU_1100,True,4
F0043,THU_1200,True,4
F0043,THU_1400,True,3
F0043,THU_1500,True,2
F0043,THU_1600,True,3
F0043,FRI_0900,True,3
F0043,FRI_1000,True,3
F0043,FRI_1100,True,3
F0043,FRI_1200,True,3
F0043,FRI_1400,True,4
F0043,FRI_1500,True,2
F0043,FRI_1600,True,3
F0044,MON_0900,True,3
F0044,MON_1000,True,4
F0044,MON_1100,True,2
F0044,MON_1200,True,4
F0044,MON_1400,True,2
F0044,MON_1500,True,2
F0044,MON_1600,True,3
F0044,TUE_0900,True,3
F0044,TUE_1000,True,3
F0044,TUE_1100,True,3
F0044,TUE_1200,True,4
F0044,TUE_1400,True,3
F0044,TUE_1500,True,3
F0044,TUE_1600,True,3
F0044,WED_0900,True,3
F0044,WED_1000,True,3
F0044,WED_1100,True,3
F0044,WED_1200,True,2
F0044,WED_1400,True,2
F0044,WED_1500,True,3
F0044,WED_1600,True,3
F0044,THU_0900,True,3
F0044,THU_1000,True,4
F0044,THU_1100,True,4
F0044,THU_1200,True,3
F0044,THU_1400,True,4
F0044,THU_1500,True,3
F0044,THU_1600,True,3
F0044,FRI_0900,True,4
F0044,FRI_1000,True,2
F0044,FRI_1100,True,3
F0044,FRI_1200,True,2
F0044,FRI_1400,True,2
F0044,FRI_1500,True,2
F0044,FRI_1600,True,4
F0045,MON_0900,True,4
F0045,MON_1000,True,2
F0045,MON_1100,True,2
F0045,MON_1200,True,4
F0045,MON_1400,True,4
F0045,MON_1500,True,3
F0045,MON_1600,True,3
F0045,TUE_0900,True,3
F0045,TUE_1000,True,2
F0045,TUE_1100,True,3
F0045,TUE_1200,True,2
F0045,TUE_1400,True,4
F0045,TUE_1500,True,4
F0045,TUE_1600,True,3
F0045,WED_0900,True,4
F0045,WED_1000,True,4
F0045,WED_1100,True,2
F0045,WED_1200,True,4
F0045,WED_1400,True,4
F0045,WED_1500,True,3
F0045,WED_1600,True,3
F0045,THU_0900,True,2
F0045,THU_1000,True,2
F0045,THU_1100,True,2
F0045,THU_1200,True,3
F0045,THU_1400,True,2
F0045,THU_1500,True,3
F0045,THU_1600,True,4
F0045,FRI_0900,True,4
F0045,FRI_1000,True,3
F0045,FRI_1100,True,3
F0045,FRI_1200,True,4
F0045,FRI_1400,True,4
F0045,FRI_1500,True,2
F0045,FRI_1600,True,2
F0046,MON_0900,True,3
F0046,MON_1000,True,2
F0046,MON_1100,True,3
F0046,MON_1200,True,3
F0046,MON_1400,True,3
F0046,MON_1500,True,4
F0046,MON_1600,True,3
F0046,TUE_0900,True,4
F0046,TUE_1000,True,3
F0046,TUE_1100,True,3
F0046,TUE_1200,True,2
F0046,TUE_1400,True,2
F0046,TUE_1500,True,2
F0046,TUE_1600,True,2
F0046,WED_0900,True,3
F0046,WED_1000,True,4
F0046,WED_1100,True,3
F0046,WED_1200,True,2
F0046,WED_1400,True,3
F0046,WED_1500,True,4
F0046,WED_1600,True,3
F0046,THU_0900,True,3
F0046,THU_1000,True,3
F0046,THU_1100,True,2
F0046,THU_1200,True,3
F0046,THU_1400,True,3
F0046,THU_1500,True,3
F0046,THU_1600,True,4
F0046,FRI_0900,True,2
F0046,FRI_1000,True,3
F0046,FRI_1100,True,2
F0046,FRI_1200,True,3
F0046,FRI_1400,True,3
F0046,FRI_1500,True,3
F0046,FRI_1600,True,3
F0047,MON_0900,True,3
F0047,MON_1000,True,3
F0047,MON_1100,True,2
F0047,MON_1200,True,3
F0047,MON_1400,True,2
F0047,MON_1500,True,3
F0047,MON_1600,True,4
F0047,TUE_0900,True,4
F0047,TUE_1000,True,3
F0047,TUE_1100,True,2
F0047,TUE_1200,True,3
F0047,TUE_1400,True,2
F0047,TUE_1500,True,3
F0047,TUE_1600,True,2
F0047,WED_0900,True,3
F0047,WED_1000,True,3
F0047,WED_1100,True,2
F0047,WED_1200,True,4
F0047,WED_1400,True,2
F0047,WED_1500,True,2
F0047,WED_1600,True,3
F0047,THU_0900,True,4
F0047,THU_1000,True,4
F0047,THU_1100,True,3
F0047,THU_1200,True,3
F0047,THU_1400,True,2
F0047,THU_1500,True,3
F0047,THU_1600,True,2
F0047,FRI_0900,True,3
F0047,FRI_1000,True,4
F0047,FRI_1100,True,4
F0047,FRI_1200,True,2
F0047,FRI_1400,True,3
F0047,FRI_1500,True,3
F0047,FRI_1600,True,3
F0048,MON_0900,True,2
F0048,MON_1000,True,4
F0048,MON_1100,True,3
F0048,MON_1200,True,4
F0048,MON_1400,True,4
F0048,MON_1500,True,3
F0048,MON_1600,True,2
F0048,TUE_0900,True,4
F0048,TUE_1000,True,2
F0048,TUE_1100,True,4
F0048,TUE_1200,True,4
F0048,TUE_1400,True,2
F0048,TUE_1500,True,4
F0048,TUE_1600,True,3
F0048,WED_0900,True,4
F0048,WED_1000,True,3
F0048,WED_1100,True,2
F0048,WED_1200,True,3
F0048,WED_1400,True,3
F0048,WED_1500,True,4
F0048,WED_1600,True,4
F0048,THU_0900,True,4
F0048,THU_1000,True,2
F0048,THU_1100,True,3
F0048,THU_1200,True,3
F0048,THU_1400,True,4
F0048,THU_1500,True,3
F0048,THU_1600,True,3
F0048,FRI_0900,True,2
F0048,FRI_1000,True,4
F0048,FRI_1100,True,3
F0048,FRI_1200,True,2
F0048,FRI_1400,True,3
F0048,FRI_1500,False,3
F0048,FRI_1600,False,3
F0049,MON_0900,True,3
F0049,MON_1000,True,3
F0049,MON_1100,True,4
F0049,MON_1200,True,2
F0049,MON_1400,True,2
F0049,MON_1500,True,2
F0049,MON_1600,True,2
F0049,TUE_0900,True,3
F0049,TUE_1000,True,4
F0049,TUE_1100,True,2
F0049,TUE_1200,True,2
F0049,TUE_1400,True,2
F0049,TUE_1500,True,3
F0049,TUE_1600,True,4
F0049,WED_0900,True,3
F0049,WED_1000,True,2
F0049,WED_1100,True,3
F0049,WED_1200,True,3
F0049,WED_1400,True,2
F0049,WED_1500,True,3
F0049,WED_1600,True,3
F0049,THU_0900,True,4
F0049,THU_1000,True,3
F0049,THU_1100,True,2
F0049,THU_1200,True,2
F0049,THU_1400,True,3
F0049,THU_1500,True,3
F0049,THU_1600,True,3
F0049,FRI_0900,True,3
F0049,FRI_1000,True,3
F0049,FRI_1100,True,3
F0049,FRI_1200,True,2
F0049,FRI_1400,True,3
F0049,FRI_1500,True,3
F0049,FRI_1600,True,4
F0050,MON_0900,True,4
F0050,MON_1000,True,3
F0050,MON_1100,True,4
F0050,MON_1200,True,2
F0050,MON_1400,True,3
F0050,MON_1500,True,2
F0050,MON_1600,True,4
F0050,TUE_0900,True,4
F0050,TUE_1000,True,2
F0050,TUE_1100,True,4
F0050,TUE_1200,True,3
F0050,TUE_1400,True,3
F0050,TUE_1500,True,3
F0050,TUE_1600,True,4
F0050,WED_0900,True,3
F0050,WED_1000,True,2
F0050,WED_1100,True,4
F0050,WED_1200,True,3
F0050,WED_1400,True,3
F0050,WED_1500,True,4
F0050,WED_1600,True,3
F0050,THU_0900,True,3
F0050,THU_1000,True,3
F0050,THU_1100,True,3
F0050,THU_1200,True,2
F0050,THU_1400,True,3
F0050,THU_1500,True,3
F0050,THU_1600,True,3
F0050,FRI_0900,True,3
F0050,FRI_1000,True,2
F0050,FRI_1100,True,4
F0050,FRI_1200,True,4
F0050,FRI_1400,True,3
F0050,FRI_1500,False,3
F0050,FRI_1600,False,3
F0051,MON_0900,True,4
F0051,MON_1000,True,3
F0051,MON_1100,True,3
F0051,MON_1200,True,3
F0051,MON_1400,True,3
F0051,MON_1500,True,4
F0051,MON_1600,True,3
F0051,TUE_0900,True,3
F0051,TUE_1000,True,4
F0051,TUE_1100,True,3
F0051,TUE_1200,True,3
F0051,TUE_1400,True,3
F0051,TUE_1500,True,3
F0051,TUE_1600,True,2
F0051,WED_0900,True,3
F0051,WED_1000,True,2
F0051,WED_1100,True,3
F0051,WED_1200,True,4
F0051,WED_1400,True,2
F0051,WED_1500,True,2
F0051,WED_1600,True,3
F0051,THU_0900,True,2
F0051,THU_1000,True,4
F0051,THU_1100,True,4
F0051,THU_1200,True,4
F0051,THU_1400,True,3
F0051,THU_1500,True,3
F0051,THU_1600,True,3
F0051,FRI_0900,True,3
F0051,FRI_1000,True,3
F0051,FRI_1100,True,3
F0051,FRI_1200,True,3
F0051,FRI_1400,True,3
F0051,FRI_1500,True,3
F0051,FRI_1600,True,3
F0052,MON_0900,True,3
F0052,MON_1000,True,3
F0052,MON_1100,True,3
F0052,MON_1200,True,3
F0052,MON_1400,True,3
F0052,MON_1500,True,4
F0052,MON_1600,True,3
F0052,TUE_0900,True,3
F0052,TUE_1000,True,4
F0052,TUE_1100,True,2
F0052,TUE_1200,True,2
F0052,TUE_1400,True,3
F0052,TUE_1500,True,2
F0052,TUE_1600,True,3
F0052,WED_0900,True,4
F0052,WED_1000,True,3
F0052,WED_1100,True,2
F0052,WED_1200,True,4
F0052,WED_1400,True,2
F0052,WED_1500,True,4
F0052,WED_1600,True,2
F0052,THU_0900,True,3
F0052,THU_1000,True,3
F0052,THU_1100,True,3
F0052,THU_1200,True,3
F0052,THU_1400,True,4
F0052,THU_1500,True,2
F0052,THU_1600,True,3
F0052,FRI_0900,True,3
F0052,FRI_1000,True,4
F0052,FRI_1100,True,3
F0052,FRI_1200,True,4
F0052,FRI_1400,True,2
F0052,FRI_1500,False,4
F0052,FRI_1600,False,2
F0053,MON_0900,True,3
F0053,MON_1000,True,3
F0053,MON_1100,True,4
F0053,MON_1200,True,3
F0053,MON_1400,True,4
F0053,MON_1500,True,3
F0053,MON_1600,True,2
F0053,TUE_0900,True,3
F0053,TUE_1000,True,3
F0053,TUE_1100,True,2
F0053,TUE_1200,True,3
F0053,TUE_1400,True,3
F0053,TUE_1500,True,3
F0053,TUE_1600,True,3
F0053,WED_0900,True,2
F0053,WED_1000,True,4
F0053,WED_1100,True,3
F0053,WED_1200,True,2
F0053,WED_1400,True,3
F0053,WED_1500,True,4
F0053,WED_1600,True,3
F0053,THU_0900,True,4
F0053,THU_1000,True,3
F0053,THU_1100,True,4
F0053,THU_1200,True,2
F0053,THU_1400,True,3
F0053,THU_1500,True,3
F0053,THU_1600,True,3
F0053,FRI_0900,True,3
F0053,FRI_1000,True,4
F0053,FRI_1100,True,2
F0053,FRI_1200,True,3
F0053,FRI_1400,True,4
F0053,FRI_1500,True,3
F0053,FRI_1600,True,4
F0054,MON_0900,True,4
F0054,MON_1000,True,4
F0054,MON_1100,True,3
F0054,MON_1200,True,3
F0054,MON_1400,True,4
F0054,MON_1500,True,4
F0054,MON_1600,True,3
F0054,TUE_0900,True,4
F0054,TUE_1000,True,3
F0054,TUE_1100,True,3
F0054,TUE_1200,True,3
F0054,TUE_1400,True,3
F0054,TUE_1500,True,4
F0054,TUE_1600,True,3
F0054,WED_0900,True,3
F0054,WED_1000,True,3
F0054,WED_1100,True,2
F0054,WED_1200,True,3
F0054,WED_1400,True,2
F0054,WED_1500,True,2
F0054,WED_1600,True,2
F0054,THU_0900,True,4
F0054,THU_1000,True,4
F0054,THU_1100,True,2
F0054,THU_1200,True,3
F0054,THU_1400,True,3
F0054,THU_1500,True,4
F0054,THU_1600,True,3
F0054,FRI_0900,True,2
F0054,FRI_1000,True,3
F0054,FRI_1100,True,3
F0054,FRI_1200,True,3
F0054,FRI_1400,True,3
F0054,FRI_1500,False,4
F0054,FRI_1600,False,2
F0055,MON_0900,True,4
F0055,MON_1000,True,3
F0055,MON_1100,True,2
F0055,MON_1200,True,4
F0055,MON_1400,True,3
F0055,MON_1500,True,3
F0055,MON_1600,True,3
F0055,TUE_0900,True,2
F0055,TUE_1000,True,3
F0055,TUE_1100,True,4
F0055,TUE_1200,True,2
F0055,TUE_1400,True,4
F0055,TUE_1500,True,2
F0055,TUE_1600,True,3
F0055,WED_0900,True,2
F0055,WED_1000,True,2
F0055,WED_1100,True,3
F0055,WED_1200,True,3
F0055,WED_1400,True,2
F0055,WED_1500,True,3
F0055,WED_1600,True,3
F0055,THU_0900,True,3
F0055,THU_1000,True,3
F0055,THU_1100,True,3
F0055,THU_1200,True,4
F0055,THU_1400,True,4
F0055,THU_1500,True,2
F0055,THU_1600,True,4
F0055,FRI_0900,True,2
F0055,FRI_1000,True,4
F0055,FRI_1100,True,3
F0055,FRI_1200,True,2
F0055,FRI_1400,True,3
F0055,FRI_1500,True,3
F0055,FRI_1600,True,3
F0056,MON_0900,True,3
F0056,MON_1000,True,2
F0056,MON_1100,True,2
F0056,MON_1200,True,3
F0056,MON_1400,True,2
F0056,MON_1500,True,3
F0056,MON_1600,True,3
F0056,TUE_0900,True,3
F0056,TUE_1000,True,3
F0056,TUE_1100,True,2
F0056,TUE_1200,True,2
F0056,TUE_1400,True,2
F0056,TUE_1500,True,3
F0056,TUE_1600,True,4
F0056,WED_0900,True,2
F0056,WED_1000,True,4
F0056,WED_1100,True,3
F0056,WED_1200,True,2
F0056,WED_1400,True,4
F0056,WED_1500,True,4
F0056,WED_1600,True,3
F0056,THU_0900,True,2
F0056,THU_1000,True,4
F0056,THU_1100,True,3
F0056,THU_1200,True,3
F0056,THU_1400,True,3
F0056,THU_1500,True,2
F0056,THU_1600,True,3
F0056,FRI_0900,True,3
F0056,FRI_1000,True,2
F0056,FRI_1100,True,2
F0056,FRI_1200,True,3
F0056,FRI_1400,True,3
F0056,FRI_1500,True,4
F0056,FRI_1600,True,3
F0057,MON_0900,True,3
F0057,MON_1000,True,4
F0057,MON_1100,True,3
F0057,MON_1200,True,3
F0057,MON_1400,True,3
F0057,MON_1500,True,2
F0057,MON_1600,True,3
F0057,TUE_0900,True,3
F0057,TUE_1000,True,3
F0057,TUE_1100,True,3
F0057,TUE_1200,True,4
F0057,TUE_1400,True,2
F0057,TUE_1500,True,3
F0057,TUE_1600,True,2
F0057,WED_0900,True,4
F0057,WED_1000,True,2
F0057,WED_1100,True,3
F0057,WED_1200,True,3
F0057,WED_1400,True,4
F0057,WED_1500,True,3
F0057,WED_1600,True,2
F0057,THU_0900,True,4
F0057,THU_1000,True,3
F0057,THU_1100,True,2
F0057,THU_1200,True,3
F0057,THU_1400,True,4
F0057,THU_1500,True,3
F0057,THU_1600,True,2
F0057,FRI_0900,True,3
F0057,FRI_1000,True,4
F0057,FRI_1100,True,2
F0057,FRI_1200,True,4
F0057,FRI_1400,True,2
F0057,FRI_1500,False,2
F0057,FRI_1600,False,2
F0058,MON_0900,True,3
F0058,MON_1000,True,3
F0058,MON_1100,True,4
F0058,MON_1200,True,3
F0058,MON_1400,True,3
F0058,MON_1500,True,2
F0058,MON_1600,True,4
F0058,TUE_0900,True,2
F0058,TUE_1000,True,4
F0058,TUE_1100,True,3
F0058,TUE_1200,True,3
F0058,TUE_1400,True,3
F0058,TUE_1500,True,3
F0058,TUE_1600,True,2
F0058,WED_0900,True,3
F0058,WED_1000,True,3
F0058,WED_1100,True,3
F0058,WED_1200,True,3
F0058,WED_1400,True,3
F0058,WED_1500,True,3
F0058,WED_1600,True,3
F0058,THU_0900,True,2
F0058,THU_1000,True,3
F0058,THU_1100,True,3
F0058,THU_1200,True,4
F0058,THU_1400,True,4
F0058,THU_1500,True,3
F0058,THU_1600,True,3
F0058,FRI_0900,True,4
F0058,FRI_1000,True,4
F0058,FRI_1100,True,3
F0058,FRI_1200,True,3
F0058,FRI_1400,True,2
F0058,FRI_1500,True,3
F0058,FRI_1600,True,3
F0059,MON_0900,True,2
F0059,MON_1000,True,3
F0059,MON_1100,True,2
F0059,MON_1200,True,3
F0059,MON_1400,True,3
F0059,MON_1500,True,3
F0059,MON_1600,True,3
F0059,TUE_0900,True,4
F0059,TUE_1000,True,3
F0059,TUE_1100,True,3
F0059,TUE_1200,True,4
F0059,TUE_1400,True,3
F0059,TUE_1500,True,2
F0059,TUE_1600,True,2
F0059,WED_0900,True,2
F0059,WED_1000,True,4
F0059,WED_1100,True,2
F0059,WED_1200,True,3
F0059,WED_1400,True,4
F0059,WED_1500,True,3
F0059,WED_1600,True,2
F0059,THU_0900,True,3
F0059,THU_1000,True,3
F0059,THU_1100,True,2
F0059,THU_1200,True,3
F0059,THU_1400,True,4
F0059,THU_1500,True,2
F0059,THU_1600,True,2
F0059,FRI_0900,True,2
F0059,FRI_1000,True,4
F0059,FRI_1100,True,3
F0059,FRI_1200,True,4
F0059,FRI_1400,True,2
F0059,FRI_1500,True,3
F0059,FRI_1600,True,3
F0060,MON_0900,True,4
F0060,MON_1000,True,3
F0060,MON_1100,True,4
F0060,MON_1200,True,3
F0060,MON_1400,True,3
F0060,MON_1500,True,3
F0060,MON_1600,True,4
F0060,TUE_0900,True,4
F0060,TUE_1000,True,2
F0060,TUE_1100,True,3
F0060,TUE_1200,True,3
F0060,TUE_1400,True,3
F0060,TUE_1500,True,2
F0060,TUE_1600,True,4
F0060,WED_0900,True,3
F0060,WED_1000,True,4
F0060,WED_1100,True,2
F0060,WED_1200,True,2
F0060,WED_1400,True,3
F0060,WED_1500,True,3
F0060,WED_1600,True,2
F0060,THU_0900,True,4
F0060,THU_1000,True,2
F0060,THU_1100,True,3
F0060,THU_1200,True,2
F0060,THU_1400,True,4
F0060,THU_1500,True,4
F0060,THU_1600,True,4
F0060,FRI_0900,True,2
F0060,FRI_1000,True,4
F0060,FRI_1100,True,2
F0060,FRI_1200,True,3
F0060,FRI_1400,True,3
F0060,FRI_1500,True,2
F0060,FRI_1600,True,2
F0061,MON_0900,True,4
F0061,MON_1000,True,2
F0061,MON_1100,True,3
F0061,MON_1200,True,4
F0061,MON_1400,True,2
F0061,MON_1500,True,3
F0061,MON_1600,True,2
F0061,TUE_0900,True,3
F0061,TUE_1000,True,4
F0061,TUE_1100,True,4
F0061,TUE_1200,True,2
F0061,TUE_1400,True,3
F0061,TUE_1500,True,3
F0061,TUE_1600,True,3
F0061,WED_0900,True,3
F0061,WED_1000,True,3
F0061,WED_1100,True,2
F0061,WED_1200,True,4
F0061,WED_1400,True,3
F0061,WED_1500,True,2
F0061,WED_1600,True,4
F0061,THU_0900,True,3
F0061,THU_1000,True,4
F0061,THU_1100,True,3
F0061,THU_1200,True,2
F0061,THU_1400,True,3
F0061,THU_1500,True,2
F0061,THU_1600,True,2
F0061,FRI_0900,True,3
F0061,FRI_1000,True,3
F0061,FRI_1100,True,2
F0061,FRI_1200,True,4
F0061,FRI_1400,True,2
F0061,FRI_1500,True,3
F0061,FRI_1600,True,3
F0062,MON_0900,True,3
F0062,MON_1000,True,4
F0062,MON_1100,True,4
F0062,MON_1200,True,4
F0062,MON_1400,True,2
F0062,MON_1500,True,3
F0062,MON_1600,True,4
F0062,TUE_0900,True,4
F0062,TUE_1000,True,4
F0062,TUE_1100,True,4
F0062,TUE_1200,True,3
F0062,TUE_1400,True,3
F0062,TUE_1500,True,2
F0062,TUE_1600,True,2
F0062,WED_0900,True,4
F0062,WED_1000,True,3
F0062,WED_1100,True,4
F0062,WED_1200,True,2
F0062,WED_1400,True,4
F0062,WED_1500,True,3
F0062,WED_1600,True,2
F0062,THU_0900,True,4
F0062,THU_1000,True,3
F0062,THU_1100,True,2
F0062,THU_1200,True,3
F0062,THU_1400,True,3
F0062,THU_1500,True,4
F0062,THU_1600,True,3
F0062,FRI_0900,True,2
F0062,FRI_1000,True,3
F0062,FRI_1100,True,3
F0062,FRI_1200,True,3
F0062,FRI_1400,True,2
F0062,FRI_1500,True,3
F0062,FRI_1600,True,2
F0063,MON_0900,True,2
F0063,MON_1000,True,3
F0063,MON_1100,True,3
F0063,MON_1200,True,3
F0063,MON_1400,True,2
F0063,MON_1500,True,4
F0063,MON_1600,True,4
F0063,TUE_0900,True,3
F0063,TUE_1000,True,3
F0063,TUE_1100,True,3
F0063,TUE_1200,True,2
F0063,TUE_1400,True,2
F0063,TUE_1500,True,2
F0063,TUE_1600,True,2
F0063,WED_0900,True,3
F0063,WED_1000,True,3
F0063,WED_1100,True,3
F0063,WED_1200,True,2
F0063,WED_1400,True,2
F0063,WED_1500,True,3
F0063,WED_1600,True,3
F0063,THU_0900,True,4
F0063,THU_1000,True,4
F0063,THU_1100,True,4
F0063,THU_1200,True,2
F0063,THU_1400,True,3
F0063,THU_1500,True,2
F0063,THU_1600,True,4
F0063,FRI_0900,True,3
F0063,FRI_1000,True,3
F0063,FRI_1100,True,3
F0063,FRI_1200,True,3
F0063,FRI_1400,True,2
F0063,FRI_1500,True,2
F0063,FRI_1600,True,4
F0064,MON_0900,True,3
F0064,MON_1000,True,4
F0064,MON_1100,True,4
F0064,MON_1200,True,3
F0064,MON_1400,True,3
F0064,MON_1500,True,3
F0064,MON_1600,True,3
F0064,TUE_0900,True,3
F0064,TUE_1000,True,4
F0064,TUE_1100,True,3
F0064,TUE_1200,True,4
F0064,TUE_1400,True,2
F0064,TUE_1500,True,3
F0064,TUE_1600,True,3
F0064,WED_0900,True,3
F0064,WED_1000,True,3
F0064,WED_1100,True,3
F0064,WED_1200,True,4
F0064,WED_1400,True,2
F0064,WED_1500,True,3
F0064,WED_1600,True,3
F0064,THU_0900,True,2
F0064,THU_1000,True,4
F0064,THU_1100,True,3
F0064,THU_1200,True,3
F0064,THU_1400,True,2
F0064,THU_1500,True,3
F0064,THU_1600,True,4
F0064,FRI_0900,True,3
F0064,FRI_1000,True,4
F0064,FRI_1100,True,3
F0064,FRI_1200,True,3
F0064,FRI_1400,True,2
F0064,FRI_1500,True,3
F0064,FRI_1600,True,3
F0065,MON_0900,True,2
F0065,MON_1000,True,2
F0065,MON_1100,True,2
F0065,MON_1200,True,2
F0065,MON_1400,True,2
F0065,MON_1500,True,3
F0065,MON_1600,True,3
F0065,TUE_0900,True,3
F0065,TUE_1000,True,4
F0065,TUE_1100,True,4
F0065,TUE_1200,True,3
F0065,TUE_1400,True,4
F0065,TUE_1500,True,3
F0065,TUE_1600,True,3
F0065,WED_0900,True,4
F0065,WED_1000,True,3
F0065,WED_1100,True,3
F0065,WED_1200,True,4
F0065,WED_1400,True,3
F0065,WED_1500,True,2
F0065,WED_1600,True,3
F0065,THU_0900,True,3
F0065,THU_1000,True,3
F0065,THU_1100,True,3
F0065,THU_1200,True,3
F0065,THU_1400,True,4
F0065,THU_1500,True,3
F0065,THU_1600,True,2
F0065,FRI_0900,True,4
F0065,FRI_1000,True,3
F0065,FRI_1100,True,2
F0065,FRI_1200,True,3
F0065,FRI_1400,True,2
F0065,FRI_1500,False,4
F0065,FRI_1600,False,2
F0066,MON_0900,True,3
F0066,MON_1000,True,2
F0066,MON_1100,True,3
F0066,MON_1200,True,3
F0066,MON_1400,True,3
F0066,MON_1500,True,2
F0066,MON_1600,True,3
F0066,TUE_0900,True,4
F0066,TUE_1000,True,3
F0066,TUE_1100,True,3
F0066,TUE_1200,True,3
F0066,TUE_1400,True,2
F0066,TUE_1500,True,4
F0066,TUE_1600,True,2
F0066,WED_0900,True,4
F0066,WED_1000,True,3
F0066,WED_1100,True,3
F0066,WED_1200,True,3
F0066,WED_1400,True,3
F0066,WED_1500,True,2
F0066,WED_1600,True,2
F0066,THU_0900,True,2
F0066,THU_1000,True,3
F0066,THU_1100,True,4
F0066,THU_1200,True,3
F0066,THU_1400,True,3
F0066,THU_1500,True,4
F0066,THU_1600,True,3
F0066,FRI_0900,True,3
F0066,FRI_1000,True,3
F0066,FRI_1100,True,3
F0066,FRI_1200,True,3
F0066,FRI_1400,True,3
F0066,FRI_1500,True,2
F0066,FRI_1600,True,3
F0067,MON_0900,True,4
F0067,MON_1000,True,4
F0067,MON_1100,True,4
F0067,MON_1200,True,3
F0067,MON_1400,True,3
F0067,MON_1500,True,2
F0067,MON_1600,True,4
F0067,TUE_0900,True,3
F0067,TUE_1000,True,3
F0067,TUE_1100,True,4
F0067,TUE_1200,True,3
F0067,TUE_1400,True,4
F0067,TUE_1500,True,3
F0067,TUE_1600,True,4
F0067,WED_0900,True,3
F0067,WED_1000,True,4
F0067,WED_1100,True,3
F0067,WED_1200,True,3
F0067,WED_1400,True,4
F0067,WED_1500,True,4
F0067,WED_1600,True,3
F0067,THU_0900,True,3
F0067,THU_1000,True,4
F0067,THU_1100,True,4
F0067,THU_1200,True,3
F0067,THU_1400,True,3
F0067,THU_1500,True,4
F0067,THU_1600,True,2
F0067,FRI_0900,True,3
F0067,FRI_1000,True,3
F0067,FRI_1100,True,4
F0067,FRI_1200,True,3
F0067,FRI_1400,True,3
F0067,FRI_1500,False,4
F0067,FRI_1600,False,2
F0068,MON_0900,True,4
F0068,MON_1000,True,3
F0068,MON_1100,True,3
F0068,MON_1200,True,3
F0068,MON_1400,True,3
F0068,MON_1500,True,3
F0068,MON_1600,True,4
F0068,TUE_0900,True,4
F0068,TUE_1000,True,2
F0068,TUE_1100,True,2
F0068,TUE_1200,True,2
F0068,TUE_1400,True,4
F0068,TUE_1500,True,3
F0068,TUE_1600,True,3
F0068,WED_0900,True,3
F0068,WED_1000,True,3
F0068,WED_1100,True,2
F0068,WED_1200,True,2
F0068,WED_1400,True,3
F0068,WED_1500,True,3
F0068,WED_1600,True,3
F0068,THU_0900,True,4
F0068,THU_1000,True,3
F0068,THU_1100,True,4
F0068,THU_1200,True,3
F0068,THU_1400,True,2
F0068,THU_1500,True,4
F0068,THU_1600,True,4
F0068,FRI_0900,True,4
F0068,FRI_1000,True,3
F0068,FRI_1100,True,3
F0068,FRI_1200,True,3
F0068,FRI_1400,True,3
F0068,FRI_1500,True,3
F0068,FRI_1600,True,2
F0069,MON_0900,True,3
F0069,MON_1000,True,2
F0069,MON_1100,True,4
F0069,MON_1200,True,3
F0069,MON_1400,True,2
F0069,MON_1500,True,3
F0069,MON_1600,True,4
F0069,TUE_0900,True,4
F0069,TUE_1000,True,4
F0069,TUE_1100,True,3
F0069,TUE_1200,True,3
F0069,TUE_1400,True,4
F0069,TUE_1500,True,4
F0069,TUE_1600,True,3
F0069,WED_0900,True,3
F0069,WED_1000,True,4
F0069,WED_1100,True,3
F0069,WED_1200,True,3
F0069,WED_1400,True,3
F0069,WED_1500,True,4
F0069,WED_1600,True,3
F0069,THU_0900,True,2
F0069,THU_1000,True,2
F0069,THU_1100,True,2
F0069,THU_1200,True,3
F0069,THU_1400,True,3
F0069,THU_1500,True,2
F0069,THU_1600,True,3
F0069,FRI_0900,True,4
F0069,FRI_1000,True,2
F0069,FRI_1100,True,4
F0069,FRI_1200,True,3
F0069,FRI_1400,True,3
F0069,FRI_1500,True,3
F0069,FRI_1600,True,2
F0070,MON_0900,True,3
F0070,MON_1000,True,2
F0070,MON_1100,True,3
F0070,MON_1200,True,2
F0070,MON_1400,True,4
F0070,MON_1500,True,2
F0070,MON_1600,True,4
F0070,TUE_0900,True,3
F0070,TUE_1000,True,3
F0070,TUE_1100,True,2
F0070,TUE_1200,True,3
F0070,TUE_1400,True,3
F0070,TUE_1500,True,3
F0070,TUE_1600,True,4
F0070,WED_0900,True,3
F0070,WED_1000,True,4
F0070,WED_1100,True,3
F0070,WED_1200,True,2
F0070,WED_1400,True,3
F0070,WED_1500,True,3
F0070,WED_1600,True,2
F0070,THU_0900,True,4
F0070,THU_1000,True,4
F0070,THU_1100,True,2
F0070,THU_1200,True,3
F0070,THU_1400,True,2
F0070,THU_1500,True,3
F0070,THU_1600,True,4
F0070,FRI_0900,True,2
F0070,FRI_1000,True,4
F0070,FRI_1100,True,3
F0070,FRI_1200,True,3
F0070,FRI_1400,True,2
F0070,FRI_1500,True,3
F0070,FRI_1600,True,3
F0071,MON_0900,True,3
F0071,MON_1000,True,3
F0071,MON_1100,True,2
F0071,MON_1200,True,4
F0071,MON_1400,True,4
F0071,MON_1500,True,3
F0071,MON_1600,True,3
F0071,TUE_0900,True,4
F0071,TUE_1000,True,4
F0071,TUE_1100,True,4
F0071,TUE_1200,True,3
F0071,TUE_1400,True,3
F0071,TUE_1500,True,3
F0071,TUE_1600,True,4
F0071,WED_0900,True,3
F0071,WED_1000,True,2
F0071,WED_1100,True,3
F0071,WED_1200,True,4
F0071,WED_1400,True,3
F0071,WED_1500,True,3
F0071,WED_1600,True,4
F0071,THU_0900,True,2
F0071,THU_1000,True,3
F0071,THU_1100,True,4
F0071,THU_1200,True,2
F0071,THU_1400,True,3
F0071,THU_1500,True,3
F0071,THU_1600,True,4
F0071,FRI_0900,True,3
F0071,FRI_1000,True,2
F0071,FRI_1100,True,3
F0071,FRI_1200,True,3
F0071,FRI_1400,True,2
F0071,FRI_1500,True,4
F0071,FRI_1600,True,4
F0072,MON_0900,True,4
F0072,MON_1000,True,4
F0072,MON_1100,True,2
F0072,MON_1200,True,4
F0072,MON_1400,True,4
F0072,MON_1500,True,3
F0072,MON_1600,True,3
F0072,TUE_0900,True,3
F0072,TUE_1000,True,3
F0072,TUE_1100,True,3
F0072,TUE_1200,True,3
F0072,TUE_1400,True,3
F0072,TUE_1500,True,3
F0072,TUE_1600,True,4
F0072,WED_0900,True,2
F0072,WED_1000,True,3
F0072,WED_1100,True,4
F0072,WED_1200,True,3
F0072,WED_1400,True,3
F0072,WED_1500,True,3
F0072,WED_1600,True,3
F0072,THU_0900,True,4
F0072,THU_1000,True,4
F0072,THU_1100,True,4
F0072,THU_1200,True,3
F0072,THU_1400,True,4
F0072,THU_1500,True,2
F0072,THU_1600,True,4
F0072,FRI_0900,True,3
F0072,FRI_1000,True,2
F0072,FRI_1100,True,2
F0072,FRI_1200,True,3
F0072,FRI_1400,True,3
F0072,FRI_1500,True,2
F0072,FRI_1600,True,3
F0073,MON_0900,True,4
F0073,MON_1000,True,3
F0073,MON_1100,True,3
F0073,MON_1200,True,3
F0073,MON_1400,True,2
F0073,MON_1500,True,3
F0073,MON_1600,True,3
F0073,TUE_0900,True,2
F0073,TUE_1000,True,4
F0073,TUE_1100,True,3
F0073,TUE_1200,True,3
F0073,TUE_1400,True,4
F0073,TUE_1500,True,4
F0073,TUE_1600,True,3
F0073,WED_0900,True,3
F0073,WED_1000,True,3
F0073,WED_1100,True,2
F0073,WED_1200,True,4
F0073,WED_1400,True,3
F0073,WED_1500,True,4
F0073,WED_1600,True,2
F0073,THU_0900,True,3
F0073,THU_1000,True,3
F0073,THU_1100,True,3
F0073,THU_1200,True,2
F0073,THU_1400,True,3
F0073,THU_1500,True,2
F0073,THU_1600,True,3
F0073,FRI_0900,True,4
F0073,FRI_1000,True,3
F0073,FRI_1100,True,3
F0073,FRI_1200,True,2
F0073,FRI_1400,True,4
F0073,FRI_1500,True,2
F0073,FRI_1600,True,4
F0074,MON_0900,True,2
F0074,MON_1000,True,3
F0074,MON_1100,True,3
F0074,MON_1200,True,3
F0074,MON_1400,True,3
F0074,MON_1500,True,3
F0074,MON_1600,True,4
F0074,TUE_0900,True,3
F0074,TUE_1000,True,3
F0074,TUE_1100,True,4
F0074,TUE_1200,True,3
F0074,TUE_1400,True,2
F0074,TUE_1500,True,2
F0074,TUE_1600,True,3
F0074,WED_0900,True,2
F0074,WED_1000,True,2
F0074,WED_1100,True,3
F0074,WED_1200,True,4
F0074,WED_1400,True,2
F0074,WED_1500,True,2
F0074,WED_1600,True,2
F0074,THU_0900,True,3
F0074,THU_1000,True,4
F0074,THU_1100,True,4
F0074,THU_1200,True,3
F0074,THU_1400,True,2
F0074,THU_1500,True,2
F0074,THU_1600,True,3
F0074,FRI_0900,True,4
F0074,FRI_1000,True,3
F0074,FRI_1100,True,2
F0074,FRI_1200,True,4
F0074,FRI_1400,True,3
F0074,FRI_1500,True,3
F0074,FRI_1600,True,3
F0075,MON_0900,True,2
F0075,MON_1000,True,4
F0075,MON_1100,True,2
F0075,MON_1200,True,3
F0075,MON_1400,True,3
F0075,MON_1500,True,4
F0075,MON_1600,True,2
F0075,TUE_0900,True,3
F0075,TUE_1000,True,2
F0075,TUE_1100,True,3
F0075,TUE_1200,True,2
F0075,TUE_1400,True,4
F0075,TUE_1500,True,3
F0075,TUE_1600,True,3
F0075,WED_0900,True,2
F0075,WED_1000,True,2
F0075,WED_1100,True,3
F0075,WED_1200,True,4
F0075,WED_1400,True,3
F0075,WED_1500,True,3
F0075,WED_1600,True,2
F0075,THU_0900,True,3
F0075,THU_1000,True,2
F0075,THU_1100,True,3
F0075,THU_1200,True,4
F0075,THU_1400,True,3
F0075,THU_1500,True,2
F0075,THU_1600,True,3
F0075,FRI_0900,True,3
F0075,FRI_1000,True,4
F0075,FRI_1100,True,4
F0075,FRI_1200,True,3
F0075,FRI_1400,True,2
F0075,FRI_1500,True,3
F0075,FRI_1600,True,3
F0076,MON_0900,True,4
F0076,MON_1000,True,2
F0076,MON_1100,True,2
F0076,MON_1200,True,4
F0076,MON_1400,True,3
F0076,MON_1500,True,2
F0076,MON_1600,True,3
F0076,TUE_0900,True,2
F0076,TUE_1000,True,2
F0076,TUE_1100,True,4
F0076,TUE_1200,True,2
F0076,TUE_1400,True,3
F0076,TUE_1500,True,3
F0076,TUE_1600,True,3
F0076,WED_0900,True,3
F0076,WED_1000,True,2
F0076,WED_1100,True,2
F0076,WED_1200,True,3
F0076,WED_1400,True,3
F0076,WED_1500,True,2
F0076,WED_1600,True,2
F0076,THU_0900,True,2
F0076,THU_1000,True,3
F0076,THU_1100,True,2
F0076,THU_1200,True,4
F0076,THU_1400,True,4
F0076,THU_1500,True,2
F0076,THU_1600,True,4
F0076,FRI_0900,True,3
F0076,FRI_1000,True,3
F0076,FRI_1100,True,3
F0076,FRI_1200,True,2
F0076,FRI_1400,True,3
F0076,FRI_1500,True,3
F0076,FRI_1600,True,2
F0077,MON_0900,True,4
F0077,MON_1000,True,2
F0077,MON_1100,True,3
F0077,MON_1200,True,4
F0077,MON_1400,True,2
F0077,MON_1500,True,3
F0077,MON_1600,True,2
F0077,TUE_0900,True,3
F0077,TUE_1000,True,3
F0077,TUE_1100,True,3
F0077,TUE_1200,True,2
F0077,TUE_1400,True,4
F0077,TUE_1500,True,4
F0077,TUE_1600,True,2
F0077,WED_0900,True,3
F0077,WED_1000,True,3
F0077,WED_1100,True,3
F0077,WED_1200,True,4
F0077,WED_1400,True,3
F0077,WED_1500,True,3
F0077,WED_1600,True,3
F0077,THU_0900,True,2
F0077,THU_1000,True,2
F0077,THU_1100,True,3
F0077,THU_1200,True,4
F0077,THU_1400,True,3
F0077,THU_1500,True,3
F0077,THU_1600,True,4
F0077,FRI_0900,True,2
F0077,FRI_1000,True,3
F0077,FRI_1100,True,4
F0077,FRI_1200,True,4
F0077,FRI_1400,True,2
F0077,FRI_1500,True,3
F0077,FRI_1600,True,3
F0078,MON_0900,True,3
F0078,MON_1000,True,2
F0078,MON_1100,True,2
F0078,MON_1200,True,4
F0078,MON_1400,True,3
F0078,MON_1500,True,2
F0078,MON_1600,True,3
F0078,TUE_0900,True,3
F0078,TUE_1000,True,2
F0078,TUE_1100,True,4
F0078,TUE_1200,True,4
F0078,TUE_1400,True,3
F0078,TUE_1500,True,4
F0078,TUE_1600,True,4
F0078,WED_0900,True,3
F0078,WED_1000,True,4
F0078,WED_1100,True,2
F0078,WED_1200,True,4
F0078,WED_1400,True,3
F0078,WED_1500,True,2
F0078,WED_1600,True,3
F0078,THU_0900,True,4
F0078,THU_1000,True,4
F0078,THU_1100,True,2
F0078,THU_1200,True,3
F0078,THU_1400,True,2
F0078,THU_1500,True,2
F0078,THU_1600,True,4
F0078,FRI_0900,True,3
F0078,FRI_1000,True,3
F0078,FRI_1100,True,3
F0078,FRI_1200,True,4
F0078,FRI_1400,True,4
F0078,FRI_1500,True,3
F0078,FRI_1600,True,3
F0079,MON_0900,True,4
F0079,MON_1000,True,4
F0079,MON_1100,True,4
F0079,MON_1200,True,3
F0079,MON_1400,True,3
F0079,MON_1500,True,3
F0079,MON_1600,True,2
F0079,TUE_0900,True,3
F0079,TUE_1000,True,4
F0079,TUE_1100,True,4
F0079,TUE_1200,True,3
F0079,TUE_1400,True,3
F0079,TUE_1500,True,3
F0079,TUE_1600,True,4
F0079,WED_0900,True,2
F0079,WED_1000,True,3
F0079,WED_1100,True,4
F0079,WED_1200,True,3
F0079,WED_1400,True,3
F0079,WED_1500,True,3
F0079,WED_1600,True,4
F0079,THU_0900,True,3
F0079,THU_1000,True,4
F0079,THU_1100,True,3
F0079,THU_1200,True,3
F0079,THU_1400,True,4
F0079,THU_1500,True,3
F0079,THU_1600,True,3
F0079,FRI_0900,True,3
F0079,FRI_1000,True,4
F0079,FRI_1100,True,3
F0079,FRI_1200,True,4
F0079,FRI_1400,True,3
F0079,FRI_1500,False,3
F0079,FRI_1600,False,2
F0080,MON_0900,True,4
F0080,MON_1000,True,2
F0080,MON_1100,True,2
F0080,MON_1200,True,3
F0080,MON_1400,True,2
F0080,MON_1500,True,4
F0080,MON_1600,True,2
F0080,TUE_0900,True,2
F0080,TUE_1000,True,4
F0080,TUE_1100,True,3
F0080,TUE_1200,True,3
F0080,TUE_1400,True,4
F0080,TUE_1500,True,3
F0080,TUE_1600,True,2
F0080,WED_0900,True,3
F0080,WED_1000,True,3
F0080,WED_1100,True,3
F0080,WED_1200,True,3
F0080,WED_1400,True,2
F0080,WED_1500,True,3
F0080,WED_1600,True,2
F0080,THU_0900,True,3
F0080,THU_1000,True,3
F0080,THU_1100,True,4
F0080,THU_1200,True,4
F0080,THU_1400,True,4
F0080,THU_1500,True,2
F0080,THU_1600,True,3
F0080,FRI_0900,True,3
F0080,FRI_1000,True,4
F0080,FRI_1100,True,3
F0080,FRI_1200,True,3
F0080,FRI_1400,True,2
F0080,FRI_1500,True,3
F0080,FRI_1600,True,3
F0081,MON_0900,True,3
F0081,MON_1000,True,4
F0081,MON_1100,True,4
F0081,MON_1200,True,3
F0081,MON_1400,True,3
F0081,MON_1500,True,2
F0081,MON_1600,True,3
F0081,TUE_0900,True,3
F0081,TUE_1000,True,2
F0081,TUE_1100,True,3
F0081,TUE_1200,True,4
F0081,TUE_1400,True,3
F0081,TUE_1500,True,3
F0081,TUE_1600,True,4
F0081,WED_0900,True,4
F0081,WED_1000,True,2
F0081,WED_1100,True,3
F0081,WED_1200,True,3
F0081,WED_1400,True,3
F0081,WED_1500,True,3
F0081,WED_1600,True,3
F0081,THU_0900,True,3
F0081,THU_1000,True,3
F0081,THU_1100,True,3
F0081,THU_1200,True,3
F0081,THU_1400,True,3
F0081,THU_1500,True,2
F0081,THU_1600,True,4
F0081,FRI_0900,True,3
F0081,FRI_1000,True,4
F0081,FRI_1100,True,2
F0081,FRI_1200,True,3
F0081,FRI_1400,True,2
F0081,FRI_1500,True,4
F0081,FRI_1600,True,4
F0082,MON_0900,True,4
F0082,MON_1000,True,2
F0082,MON_1100,True,3
F0082,MON_1200,True,3
F0082,MON_1400,True,3
F0082,MON_1500,True,2
F0082,MON_1600,True,3
F0082,TUE_0900,True,3
F0082,TUE_1000,True,3
F0082,TUE_1100,True,2
F0082,TUE_1200,True,3
F0082,TUE_1400,True,3
F0082,TUE_1500,True,3
F0082,TUE_1600,True,3
F0082,WED_0900,True,4
F0082,WED_1000,True,2
F0082,WED_1100,True,3
F0082,WED_1200,True,3
F0082,WED_1400,True,3
F0082,WED_1500,True,4
F0082,WED_1600,True,2
F0082,THU_0900,True,3
F0082,THU_1000,True,4
F0082,THU_1100,True,4
F0082,THU_1200,True,2
F0082,THU_1400,True,2
F0082,THU_1500,True,3
F0082,THU_1600,True,3
F0082,FRI_0900,True,4
F0082,FRI_1000,True,2
F0082,FRI_1100,True,2
F0082,FRI_1200,True,2
F0082,FRI_1400,True,3
F0082,FRI_1500,True,4
F0082,FRI_1600,True,2
F0083,MON_0900,True,3
F0083,MON_1000,True,4
F0083,MON_1100,True,3
F0083,MON_1200,True,4
F0083,MON_1400,True,3
F0083,MON_1500,True,4
F0083,MON_1600,True,2
F0083,TUE_0900,True,2
F0083,TUE_1000,True,2
F0083,TUE_1100,True,4
F0083,TUE_1200,True,2
F0083,TUE_1400,True,3
F0083,TUE_1500,True,2
F0083,TUE_1600,True,4
F0083,WED_0900,True,3
F0083,WED_1000,True,4
F0083,WED_1100,True,3
F0083,WED_1200,True,4
F0083,WED_1400,True,3
F0083,WED_1500,True,4
F0083,WED_1600,True,3
F0083,THU_0900,True,2
F0083,THU_1000,True,2
F0083,THU_1100,True,3
F0083,THU_1200,True,4
F0083,THU_1400,True,4
F0083,THU_1500,True,4
F0083,THU_1600,True,4
F0083,FRI_0900,True,4
F0083,FRI_1000,True,4
F0083,FRI_1100,True,3
F0083,FRI_1200,True,2
F0083,FRI_1400,True,3
F0083,FRI_1500,True,4
F0083,FRI_1600,True,3
F0084,MON_0900,True,4
F0084,MON_1000,True,3
F0084,MON_1100,True,3
F0084,MON_1200,True,2
F0084,MON_1400,True,2
F0084,MON_1500,True,4
F0084,MON_1600,True,4
F0084,TUE_0900,True,3
F0084,TUE_1000,True,2
F0084,TUE_1100,True,2
F0084,TUE_1200,True,3
F0084,TUE_1400,True,4
F0084,TUE_1500,True,3
F0084,TUE_1600,True,4
F0084,WED_0900,True,3
F0084,WED_1000,True,3
F0084,WED_1100,True,2
F0084,WED_1200,True,4
F0084,WED_1400,True,4
F0084,WED_1500,True,3
F0084,WED_1600,True,3
F0084,THU_0900,True,3
F0084,THU_1000,True,3
F0084,THU_1100,True,2
F0084,THU_1200,True,2
F0084,THU_1400,True,2
F0084,THU_1500,True,3
F0084,THU_1600,True,3
F0084,FRI_0900,True,4
F0084,FRI_1000,True,2
F0084,FRI_1100,True,4
F0084,FRI_1200,True,2
F0084,FRI_1400,True,4
F0084,FRI_1500,True,2
F0084,FRI_1600,True,3
F0085,MON_0900,True,3
F0085,MON_1000,True,4
F0085,MON_1100,True,4
F0085,MON_1200,True,3
F0085,MON_1400,True,2
F0085,MON_1500,True,4
F0085,MON_1600,True,3
F0085,TUE_0900,True,4
F0085,TUE_1000,True,2
F0085,TUE_1100,True,3
F0085,TUE_1200,True,3
F0085,TUE_1400,True,3
F0085,TUE_1500,True,3
F0085,TUE_1600,True,4
F0085,WED_0900,True,2
F0085,WED_1000,True,2
F0085,WED_1100,True,2
F0085,WED_1200,True,3
F0085,WED_1400,True,3
F0085,WED_1500,True,4
F0085,WED_1600,True,4
F0085,THU_0900,True,4
F0085,THU_1000,True,3
F0085,THU_1100,True,3
F0085,THU_1200,True,3
F0085,THU_1400,True,3
F0085,THU_1500,True,2
F0085,THU_1600,True,3
F0085,FRI_0900,True,3
F0085,FRI_1000,True,3
F0085,FRI_1100,True,2
F0085,FRI_1200,True,4
F0085,FRI_1400,True,2
F0085,FRI_1500,True,3
F0085,FRI_1600,True,3
F0086,MON_0900,True,3
F0086,MON_1000,True,4
F0086,MON_1100,True,2
F0086,MON_1200,True,4
F0086,MON_1400,True,3
F0086,MON_1500,True,3
F0086,MON_1600,True,2
F0086,TUE_0900,True,3
F0086,TUE_1000,True,2
F0086,TUE_1100,True,3
F0086,TUE_1200,True,4
F0086,TUE_1400,True,2
F0086,TUE_1500,True,4
F0086,TUE_1600,True,4
F0086,WED_0900,True,3
F0086,WED_1000,True,3
F0086,WED_1100,True,4
F0086,WED_1200,True,3
F0086,WED_1400,True,3
F0086,WED_1500,True,3
F0086,WED_1600,True,3
F0086,THU_0900,True,3
F0086,THU_1000,True,3
F0086,THU_1100,True,3
F0086,THU_1200,True,4
F0086,THU_1400,True,3
F0086,THU_1500,True,2
F0086,THU_1600,True,2
F0086,FRI_0900,True,4
F0086,FRI_1000,True,3
F0086,FRI_1100,True,2
F0086,FRI_1200,True,2
F0086,FRI_1400,True,2
F0086,FRI_1500,True,3
F0086,FRI_1600,True,3
F0087,MON_0900,True,3
F0087,MON_1000,True,3
F0087,MON_1100,True,3
F0087,MON_1200,True,4
F0087,MON_1400,True,3
F0087,MON_1500,True,3
F0087,MON_1600,True,3
F0087,TUE_0900,True,4
F0087,TUE_1000,True,3
F0087,TUE_1100,True,4
F0087,TUE_1200,True,3
F0087,TUE_1400,True,3
F0087,TUE_1500,True,3
F0087,TUE_1600,True,4
F0087,WED_0900,True,4
F0087,WED_1000,True,4
F0087,WED_1100,True,3
F0087,WED_1200,True,2
F0087,WED_1400,True,4
F0087,WED_1500,True,3
F0087,WED_1600,True,3
F0087,THU_0900,True,2
F0087,THU_1000,True,2
F0087,THU_1100,True,3
F0087,THU_1200,True,4
F0087,THU_1400,True,3
F0087,THU_1500,True,4
F0087,THU_1600,True,4
F0087,FRI_0900,True,4
F0087,FRI_1000,True,3
F0087,FRI_1100,True,2
F0087,FRI_1200,True,2
F0087,FRI_1400,True,4
F0087,FRI_1500,False,2
F0087,FRI_1600,False,3
F0088,MON_0900,True,3
F0088,MON_1000,True,2
F0088,MON_1100,True,3
F0088,MON_1200,True,3
F0088,MON_1400,True,3
F0088,MON_1500,True,3
F0088,MON_1600,True,2
F0088,TUE_0900,True,2
F0088,TUE_1000,True,4
F0088,TUE_1100,True,4
F0088,TUE_1200,True,4
F0088,TUE_1400,True,2
F0088,TUE_1500,True,4
F0088,TUE_1600,True,3
F0088,WED_0900,True,3
F0088,WED_1000,True,4
F0088,WED_1100,True,4
F0088,WED_1200,True,3
F0088,WED_1400,True,3
F0088,WED_1500,True,4
F0088,WED_1600,True,3
F0088,THU_0900,True,3
F0088,THU_1000,True,3
F0088,THU_1100,True,4
F0088,THU_1200,True,2
F0088,THU_1400,True,4
F0088,THU_1500,True,2
F0088,THU_1600,True,3
F0088,FRI_0900,True,3
F0088,FRI_1000,True,3
F0088,FRI_1100,True,2
F0088,FRI_1200,True,3
F0088,FRI_1400,True,3
F0088,FRI_1500,True,2
F0088,FRI_1600,True,3
F0089,MON_0900,True,4
F0089,MON_1000,True,2
F0089,MON_1100,True,3
F0089,MON_1200,True,3
F0089,MON_1400,True,2
F0089,MON_1500,True,3
F0089,MON_1600,True,2
F0089,TUE_0900,True,2
F0089,TUE_1000,True,2
F0089,TUE_1100,True,3
F0089,TUE_1200,True,3
F0089,TUE_1400,True,2
F0089,TUE_1500,True,3
F0089,TUE_1600,True,3
F0089,WED_0900,True,2
F0089,WED_1000,True,3
F0089,WED_1100,True,4
F0089,WED_1200,True,3
F0089,WED_1400,True,3
F0089,WED_1500,True,4
F0089,WED_1600,True,3
F0089,THU_0900,True,4
F0089,THU_1000,True,2
F0089,THU_1100,True,3
F0089,THU_1200,True,2
F0089,THU_1400,True,2
F0089,THU_1500,True,3
F0089,THU_1600,True,4
F0089,FRI_0900,True,2
F0089,FRI_1000,True,2
F0089,FRI_1100,True,2
F0089,FRI_1200,True,3
F0089,FRI_1400,True,4
F0089,FRI_1500,False,3
F0089,FRI_1600,False,3
F0090,MON_0900,True,3
F0090,MON_1000,True,2
F0090,MON_1100,True,3
F0090,MON_1200,True,3
F0090,MON_1400,True,3
F0090,MON_1500,True,2
F0090,MON_1600,True,4
F0090,TUE_0900,True,2
F0090,TUE_1000,True,2
F0090,TUE_1100,True,3
F0090,TUE_1200,True,2
F0090,TUE_1400,True,2
F0090,TUE_1500,True,2
F0090,TUE_1600,True,4
F0090,WED_0900,True,3
F0090,WED_1000,True,3
F0090,WED_1100,True,4
F0090,WED_1200,True,3
F0090,WED_1400,True,3
F0090,WED_1500,True,3
F0090,WED_1600,True,3
F0090,THU_0900,True,4
F0090,THU_1000,True,2
F0090,THU_1100,True,4
F0090,THU_1200,True,3
F0090,THU_1400,True,4
F0090,THU_1500,True,4
F0090,THU_1600,True,2
F0090,FRI_0900,True,3
F0090,FRI_1000,True,2
F0090,FRI_1100,True,3
F0090,FRI_1200,True,2
F0090,FRI_1400,True,3
F0090,FRI_1500,False,2
F0090,FRI_1600,False,2
F0091,MON_0900,True,3
F0091,MON_1000,True,2
F0091,MON_1100,True,3
F0091,MON_1200,True,3
F0091,MON_1400,True,3
F0091,MON_1500,True,2
F0091,MON_1600,True,2
F0091,TUE_0900,True,3
F0091,TUE_1000,True,3
F0091,TUE_1100,True,3
F0091,TUE_1200,True,3
F0091,TUE_1400,True,2
F0091,TUE_1500,True,4
F0091,TUE_1600,True,4
F0091,WED_0900,True,4
F0091,WED_1000,True,2
F0091,WED_1100,True,3
F0091,WED_1200,True,3
F0091,WED_1400,True,4
F0091,WED_1500,True,4
F0091,WED_1600,True,3
F0091,THU_0900,True,2
F0091,THU_1000,True,2
F0091,THU_1100,True,4
F0091,THU_1200,True,2
F0091,THU_1400,True,4
F0091,THU_1500,True,2
F0091,THU_1600,True,3
F0091,FRI_0900,True,3
F0091,FRI_1000,True,4
F0091,FRI_1100,True,3
F0091,FRI_1200,True,3
F0091,FRI_1400,True,2
F0091,FRI_1500,True,4
F0091,FRI_1600,True,3
F0092,MON_0900,True,3
F0092,MON_1000,True,4
F0092,MON_1100,True,2
F0092,MON_1200,True,3
F0092,MON_1400,True,3
F0092,MON_1500,True,3
F0092,MON_1600,True,3
F0092,TUE_0900,True,4
F0092,TUE_1000,True,2
F0092,TUE_1100,True,3
F0092,TUE_1200,True,3
F0092,TUE_1400,True,2
F0092,TUE_1500,True,3
F0092,TUE_1600,True,2
F0092,WED_0900,True,3
F0092,WED_1000,True,3
F0092,WED_1100,True,3
F0092,WED_1200,True,3
F0092,WED_1400,True,3
F0092,WED_1500,True,4
F0092,WED_1600,True,4
F0092,THU_0900,True,3
F0092,THU_1000,True,3
F0092,THU_1100,True,3
F0092,THU_1200,True,3
F0092,THU_1400,True,2
F0092,THU_1500,True,2
F0092,THU_1600,True,2
F0092,FRI_0900,True,4
F0092,FRI_1000,True,3
F0092,FRI_1100,True,3
F0092,FRI_1200,True,3
F0092,FRI_1400,True,2
F0092,FRI_1500,True,2
F0092,FRI_1600,True,4
F0093,MON_0900,True,2
F0093,MON_1000,True,3
F0093,MON_1100,True,4
F0093,MON_1200,True,4
F0093,MON_1400,True,3
F0093,MON_1500,True,2
F0093,MON_1600,True,2
F0093,TUE_0900,True,3
F0093,TUE_1000,True,3
F0093,TUE_1100,True,4
F0093,TUE_1200,True,2
F0093,TUE_1400,True,3
F0093,TUE_1500,True,3
F0093,TUE_1600,True,2
F0093,WED_0900,True,3
F0093,WED_1000,True,3
F0093,WED_1100,True,2
F0093,WED_1200,True,3
F0093,WED_1400,True,4
F0093,WED_1500,True,3
F0093,WED_1600,True,3
F0093,THU_0900,True,3
F0093,THU_1000,True,4
F0093,THU_1100,True,3
F0093,THU_1200,True,3
F0093,THU_1400,True,3
F0093,THU_1500,True,3
F0093,THU_1600,True,2
F0093,FRI_0900,True,4
F0093,FRI_1000,True,2
F0093,FRI_1100,True,4
F0093,FRI_1200,True,4
F0093,FRI_1400,True,4
F0093,FRI_1500,False,3
F0093,FRI_1600,False,2
F0094,MON_0900,True,3
F0094,MON_1000,True,2
F0094,MON_1100,True,2
F0094,MON_1200,True,2
F0094,MON_1400,True,2
F0094,MON_1500,True,3
F0094,MON_1600,True,4
F0094,TUE_0900,True,4
F0094,TUE_1000,True,2
F0094,TUE_1100,True,4
F0094,TUE_1200,True,3
F0094,TUE_1400,True,3
F0094,TUE_1500,True,3
F0094,TUE_1600,True,3
F0094,WED_0900,True,2
F0094,WED_1000,True,2
F0094,WED_1100,True,3
F0094,WED_1200,True,2
F0094,WED_1400,True,4
F0094,WED_1500,True,3
F0094,WED_1600,True,2
F0094,THU_0900,True,2
F0094,THU_1000,True,4
F0094,THU_1100,True,3
F0094,THU_1200,True,4
F0094,THU_1400,True,3
F0094,THU_1500,True,4
F0094,THU_1600,True,3
F0094,FRI_0900,True,3
F0094,FRI_1000,True,3
F0094,FRI_1100,True,2
F0094,FRI_1200,True,3
F0094,FRI_1400,True,4
F0094,FRI_1500,True,4
F0094,FRI_1600,True,2
F0095,MON_0900,True,2
F0095,MON_1000,True,4
F0095,MON_1100,True,2
F0095,MON_1200,True,2
F0095,MON_1400,True,2
F0095,MON_1500,True,3
F0095,MON_1600,True,2
F0095,TUE_0900,True,4
F0095,TUE_1000,True,4
F0095,TUE_1100,True,3
F0095,TUE_1200,True,4
F0095,TUE_1400,True,3
F0095,TUE_1500,True,3
F0095,TUE_1600,True,3
F0095,WED_0900,True,3
F0095,WED_1000,True,2
F0095,WED_1100,True,4
F0095,WED_1200,True,2
F0095,WED_1400,True,4
F0095,WED_1500,True,3
F0095,WED_1600,True,4
F0095,THU_0900,True,3
F0095,THU_1000,True,2
F0095,THU_1100,True,2
F0095,THU_1200,True,3
F0095,THU_1400,True,3
F0095,THU_1500,True,4
F0095,THU_1600,True,4
F0095,FRI_0900,True,3
F0095,FRI_1000,True,3
F0095,FRI_1100,True,3
F0095,FRI_1200,True,4
F0095,FRI_1400,True,4
F0095,FRI_1500,True,3
F0095,FRI_1600,True,3
F0096,MON_0900,True,3
F0096,MON_1000,True,3
F0096,MON_1100,True,2
F0096,MON_1200,True,2
F0096,MON_1400,True,4
F0096,MON_1500,True,2
F0096,MON_1600,True,3
F0096,TUE_0900,True,3
F0096,TUE_1000,True,4
F0096,TUE_1100,True,2
F0096,TUE_1200,True,2
F0096,TUE_1400,True,2
F0096,TUE_1500,True,3
F0096,TUE_1600,True,2
F0096,WED_0900,True,3
F0096,WED_1000,True,4
F0096,WED_1100,True,4
F0096,WED_1200,True,3
F0096,WED_1400,True,3
F0096,WED_1500,True,2
F0096,WED_1600,True,4
F0096,THU_0900,True,4
F0096,THU_1000,True,2
F0096,THU_1100,True,3
F0096,THU_1200,True,3
F0096,THU_1400,True,3
F0096,THU_1500,True,4
F0096,THU_1600,True,3
F0096,FRI_0900,True,3
F0096,FRI_1000,True,4
F0096,FRI_1100,True,4
F0096,FRI_1200,True,4
F0096,FRI_1400,True,2
F0096,FRI_1500,True,2
F0096,FRI_1600,True,3
F0097,MON_0900,True,2
F0097,MON_1000,True,3
F0097,MON_1100,True,4
F0097,MON_1200,True,3
F0097,MON_1400,True,2
F0097,MON_1500,True,2
F0097,MON_1600,True,3
F0097,TUE_0900,True,3
F0097,TUE_1000,True,3
F0097,TUE_1100,True,2
F0097,TUE_1200,True,3
F0097,TUE_1400,True,3
F0097,TUE_1500,True,3
F0097,TUE_1600,True,4
F0097,WED_0900,True,3
F0097,WED_1000,True,3
F0097,WED_1100,True,3
F0097,WED_1200,True,2
F0097,WED_1400,True,2
F0097,WED_1500,True,2
F0097,WED_1600,True,2
F0097,THU_0900,True,3
F0097,THU_1000,True,4
F0097,THU_1100,True,3
F0097,THU_1200,True,3
F0097,THU_1400,True,2
F0097,THU_1500,True,2
F0097,THU_1600,True,3
F0097,FRI_0900,True,4
F0097,FRI_1000,True,3
F0097,FRI_1100,True,3
F0097,FRI_1200,True,3
F0097,FRI_1400,True,3
F0097,FRI_1500,True,4
F0097,FRI_1600,True,3
F0098,MON_0900,True,2
F0098,MON_1000,True,4
F0098,MON_1100,True,3
F0098,MON_1200,True,2
F0098,MON_1400,True,3
F0098,MON_1500,True,3
F0098,MON_1600,True,2
F0098,TUE_0900,True,4
F0098,TUE_1000,True,3
F0098,TUE_1100,True,3
F0098,TUE_1200,True,3
F0098,TUE_1400,True,4
F0098,TUE_1500,True,3
F0098,TUE_1600,True,3
F0098,WED_0900,True,3
F0098,WED_1000,True,4
F0098,WED_1100,True,2
F0098,WED_1200,True,4
F0098,WED_1400,True,3
F0098,WED_1500,True,3
F0098,WED_1600,True,3
F0098,THU_0900,True,3
F0098,THU_1000,True,3
F0098,THU_1100,True,3
F0098,THU_1200,True,2
F0098,THU_1400,True,3
F0098,THU_1500,True,2
F0098,THU_1600,True,3
F0098,FRI_0900,True,3
F0098,FRI_1000,True,3
F0098,FRI_1100,True,3
F0098,FRI_1200,True,3
F0098,FRI_1400,True,3
F0098,FRI_1500,True,4
F0098,FRI_1600,True,2
F0099,MON_0900,True,2
F0099,MON_1000,True,3
F0099,MON_1100,True,3
F0099,MON_1200,True,4
F0099,MON_1400,True,2
F0099,MON_1500,True,3
F0099,MON_1600,True,3
F0099,TUE_0900,True,3
F0099,TUE_1000,True,3
F0099,TUE_1100,True,2
F0099,TUE_1200,True,2
F0099,TUE_1400,True,3
F0099,TUE_1500,True,3
F0099,TUE_1600,True,3
F0099,WED_0900,True,4
F0099,WED_1000,True,4
F0099,WED_1100,True,2
F0099,WED_1200,True,4
F0099,WED_1400,True,3
F0099,WED_1500,True,4
F0099,WED_1600,True,4
F0099,THU_0900,True,3
F0099,THU_1000,True,3
F0099,THU_1100,True,2
F0099,THU_1200,True,3
F0099,THU_1400,True,4
F0099,THU_1500,True,4
F0099,THU_1600,True,3
F0099,FRI_0900,True,2
F0099,FRI_1000,True,3
F0099,FRI_1100,True,3
F0099,FRI_1200,True,3
F0099,FRI_1400,True,3
F0099,FRI_1500,True,2
F0099,FRI_1600,True,3
F0100,MON_0900,True,3
F0100,MON_1000,True,3
F0100,MON_1100,True,4
F0100,MON_1200,True,3
F0100,MON_1400,True,3
F0100,MON_1500,True,4
F0100,MON_1600,True,4
F0100,TUE_0900,True,3
F0100,TUE_1000,True,3
F0100,TUE_1100,True,3
F0100,TUE_1200,True,4
F0100,TUE_1400,True,3
F0100,TUE_1500,True,2
F0100,TUE_1600,True,4
F0100,WED_0900,True,3
F0100,WED_1000,True,3
F0100,WED_1100,True,2
F0100,WED_1200,True,3
F0100,WED_1400,True,4
F0100,WED_1500,True,3
F0100,WED_1600,True,2
F0100,THU_0900,True,2
F0100,THU_1000,True,2
F0100,THU_1100,True,4
F0100,THU_1200,True,3
F0100,THU_1400,True,3
F0100,THU_1500,True,3
F0100,THU_1600,True,3
F0100,FRI_0900,True,2
F0100,FRI_1000,True,2
F0100,FRI_1100,True,4
F0100,FRI_1200,True,3
F0100,FRI_1400,True,3
F0100,FRI_1500,True,3
F0100,FRI_1600,True,2
F0101,MON_0900,True,4
F0101,MON_1000,True,2
F0101,MON_1100,True,3
F0101,MON_1200,True,4
F0101,MON_1400,True,2
F0101,MON_1500,True,3
F0101,MON_1600,True,3
F0101,TUE_0900,True,2
F0101,TUE_1000,True,3
F0101,TUE_1100,True,2
F0101,TUE_1200,True,2
F0101,TUE_1400,True,2
F0101,TUE_1500,True,4
F0101,TUE_1600,True,4
F0101,WED_0900,True,4
F0101,WED_1000,True,3
F0101,WED_1100,True,2
F0101,WED_1200,True,3
F0101,WED_1400,True,3
F0101,WED_1500,True,4
F0101,WED_1600,True,3
F0101,THU_0900,True,4
F0101,THU_1000,True,3
F0101,THU_1100,True,2
F0101,THU_1200,True,4
F0101,THU_1400,True,2
F0101,THU_1500,True,3
F0101,THU_1600,True,2
F0101,FRI_0900,True,3
F0101,FRI_1000,True,2
F0101,FRI_1100,True,4
F0101,FRI_1200,True,3
F0101,FRI_1400,True,3
F0101,FRI_1500,True,2
F0101,FRI_1600,True,3
F0102,MON_0900,True,4
F0102,MON_1000,True,3
F0102,MON_1100,True,2
F0102,MON_1200,True,3
F0102,MON_1400,True,3
F0102,MON_1500,True,2
F0102,MON_1600,True,3
F0102,TUE_0900,True,3
F0102,TUE_1000,True,3
F0102,TUE_1100,True,4
F0102,TUE_1200,True,2
F0102,TUE_1400,True,4
F0102,TUE_1500,True,2
F0102,TUE_1600,True,3
F0102,WED_0900,True,4
F0102,WED_1000,True,4
F0102,WED_1100,True,4
F0102,WED_1200,True,4
F0102,WED_1400,True,3
F0102,WED_1500,True,3
F0102,WED_1600,True,3
F0102,THU_0900,True,2
F0102,THU_1000,True,3
F0102,THU_1100,True,3
F0102,THU_1200,True,4
F0102,THU_1400,True,3
F0102,THU_1500,True,2
F0102,THU_1600,True,4
F0102,FRI_0900,True,2
F0102,FRI_1000,True,2
F0102,FRI_1100,True,2
F0102,FRI_1200,True,2
F0102,FRI_1400,True,4
F0102,FRI_1500,True,2
F0102,FRI_1600,True,3
F0103,MON_0900,True,2
F0103,MON_1000,True,3
F0103,MON_1100,True,3
F0103,MON_1200,True,3
F0103,MON_1400,True,3
F0103,MON_1500,True,2
F0103,MON_1600,True,2
F0103,TUE_0900,True,2
F0103,TUE_1000,True,4
F0103,TUE_1100,True,4
F0103,TUE_1200,True,3
F0103,TUE_1400,True,3
F0103,TUE_1500,True,2
F0103,TUE_1600,True,4
F0103,WED_0900,True,3
F0103,WED_1000,True,3
F0103,WED_1100,True,2
F0103,WED_1200,True,2
F0103,WED_1400,True,4
F0103,WED_1500,True,2
F0103,WED_1600,True,3
F0103,THU_0900,True,4
F0103,THU_1000,True,2
F0103,THU_1100,True,2
F0103,THU_1200,True,2
F0103,THU_1400,True,2
F0103,THU_1500,True,4
F0103,THU_1600,True,2
F0103,FRI_0900,True,2
F0103,FRI_1000,True,2
F0103,FRI_1100,True,3
F0103,FRI_1200,True,3
F0103,FRI_1400,True,2
F0103,FRI_1500,True,2
F0103,FRI_1600,True,4
F0104,MON_0900,True,4
F0104,MON_1000,True,2
F0104,MON_1100,True,3
F0104,MON_1200,True,3
F0104,MON_1400,True,3
F0104,MON_1500,True,2
F0104,MON_1600,True,3
F0104,TUE_0900,True,2
F0104,TUE_1000,True,3
F0104,TUE_1100,True,3
F0104,TUE_1200,True,4
F0104,TUE_1400,True,2
F0104,TUE_1500,True,3
F0104,TUE_1600,True,3
F0104,WED_0900,True,4
F0104,WED_1000,True,2
F0104,WED_1100,True,3
F0104,WED_1200,True,3
F0104,WED_1400,True,3
F0104,WED_1500,True,3
F0104,WED_1600,True,3
F0104,THU_0900,True,3
F0104,THU_1000,True,3
F0104,THU_1100,True,3
F0104,THU_1200,True,3
F0104,THU_1400,True,3
F0104,THU_1500,True,4
F0104,THU_1600,True,3
F0104,FRI_0900,True,4
F0104,FRI_1000,True,4
F0104,FRI_1100,True,3
F0104,FRI_1200,True,3
F0104,FRI_1400,True,3
F0104,FRI_1500,True,2
F0104,FRI_1600,True,3
F0105,MON_0900,True,4
F0105,MON_1000,True,4
F0105,MON_1100,True,2
F0105,MON_1200,True,4
F0105,MON_1400,True,2
F0105,MON_1500,True,3
F0105,MON_1600,True,2
F0105,TUE_0900,True,3
F0105,TUE_1000,True,2
F0105,TUE_1100,True,2
F0105,TUE_1200,True,4
F0105,TUE_1400,True,3
F0105,TUE_1500,True,2
F0105,TUE_1600,True,2
F0105,WED_0900,True,4
F0105,WED_1000,True,2
F0105,WED_1100,True,3
F0105,WED_1200,True,3
F0105,WED_1400,True,2
F0105,WED_1500,True,4
F0105,WED_1600,True,3
F0105,THU_0900,True,2
F0105,THU_1000,True,3
F0105,THU_1100,True,3
F0105,THU_1200,True,2
F0105,THU_1400,True,3
F0105,THU_1500,True,3
F0105,THU_1600,True,3
F0105,FRI_0900,True,3
F0105,FRI_1000,True,2
F0105,FRI_1100,True,2
F0105,FRI_1200,True,3
F0105,FRI_1400,True,3
F0105,FRI_1500,True,2
F0105,FRI_1600,True,4
F0106,MON_0900,True,4
F0106,MON_1000,True,3
F0106,MON_1100,True,3
F0106,MON_1200,True,3
F0106,MON_1400,True,3
F0106,MON_1500,True,3
F0106,MON_1600,True,3
F0106,TUE_0900,True,4
F0106,TUE_1000,True,3
F0106,TUE_1100,True,2
F0106,TUE_1200,True,2
F0106,TUE_1400,True,2
F0106,TUE_1500,True,4
F0106,TUE_1600,True,3
F0106,WED_0900,True,2
F0106,WED_1000,True,3
F0106,WED_1100,True,3
F0106,WED_1200,True,3
F0106,WED_1400,True,2
F0106,WED_1500,True,3
F0106,WED_1600,True,4
F0106,THU_0900,True,2
F0106,THU_1000,True,3
F0106,THU_1100,True,3
F0106,THU_1200,True,2
F0106,THU_1400,True,3
F0106,THU_1500,True,3
F0106,THU_1600,True,3
F0106,FRI_0900,True,2
F0106,FRI_1000,True,2
F0106,FRI_1100,True,2
F0106,FRI_1200,True,3
F0106,FRI_1400,True,3
F0106,FRI_1500,True,4
F0106,FRI_1600,True,3
F0107,MON_0900,True,2
F0107,MON_1000,True,2
F0107,MON_1100,True,3
F0107,MON_1200,True,2
F0107,MON_1400,True,3
F0107,MON_1500,True,4
F0107,MON_1600,True,3
F0107,TUE_0900,True,3
F0107,TUE_1000,True,3
F0107,TUE_1100,True,3
F0107,TUE_1200,True,2
F0107,TUE_1400,True,2
F0107,TUE_1500,True,3
F0107,TUE_1600,True,3
F0107,WED_0900,True,2
F0107,WED_1000,True,3
F0107,WED_1100,True,3
F0107,WED_1200,True,2
F0107,WED_1400,True,4
F0107,WED_1500,True,3
F0107,WED_1600,True,3
F0107,THU_0900,True,2
F0107,THU_1000,True,3
F0107,THU_1100,True,3
F0107,THU_1200,True,2
F0107,THU_1400,True,2
F0107,THU_1500,True,3
F0107,THU_1600,True,3
F0107,FRI_0900,True,3
F0107,FRI_1000,True,3
F0107,FRI_1100,True,3
F0107,FRI_1200,True,3
F0107,FRI_1400,True,4
F0107,FRI_1500,False,3
F0107,FRI_1600,False,3
F0108,MON_0900,True,3
F0108,MON_1000,True,2
F0108,MON_1100,True,3
F0108,MON_1200,True,4
F0108,MON_1400,True,3
F0108,MON_1500,True,2
F0108,MON_1600,True,2
F0108,TUE_0900,True,4
F0108,TUE_1000,True,3
F0108,TUE_1100,True,3
F0108,TUE_1200,True,4
F0108,TUE_1400,True,2
F0108,TUE_1500,True,3
F0108,TUE_1600,True,3
F0108,WED_0900,True,2
F0108,WED_1000,True,3
F0108,WED_1100,True,4
F0108,WED_1200,True,3
F0108,WED_1400,True,4
F0108,WED_1500,True,4
F0108,WED_1600,True,3
F0108,THU_0900,True,3
F0108,THU_1000,True,3
F0108,THU_1100,True,4
F0108,THU_1200,True,3
F0108,THU_1400,True,4
F0108,THU_1500,True,3
F0108,THU_1600,True,2
F0108,FRI_0900,True,3
F0108,FRI_1000,True,3
F0108,FRI_1100,True,2
F0108,FRI_1200,True,3
F0108,FRI_1400,True,2
F0108,FRI_1500,True,3
F0108,FRI_1600,True,3
F0109,MON_0900,True,4
F0109,MON_1000,True,4
F0109,MON_1100,True,2
F0109,MON_1200,True,3
F0109,MON_1400,True,3
F0109,MON_1500,True,3
F0109,MON_1600,True,3
F0109,TUE_0900,True,3
F0109,TUE_1000,True,4
F0109,TUE_1100,True,3
F0109,TUE_1200,True,3
F0109,TUE_1400,True,3
F0109,TUE_1500,True,2
F0109,TUE_1600,True,3
F0109,WED_0900,True,3
F0109,WED_1000,True,3
F0109,WED_1100,True,4
F0109,WED_1200,True,3
F0109,WED_1400,True,3
F0109,WED_1500,True,3
F0109,WED_1600,True,3
F0109,THU_0900,True,3
F0109,THU_1000,True,3
F0109,THU_1100,True,2
F0109,THU_1200,True,2
F0109,THU_1400,True,4
F0109,THU_1500,True,4
F0109,THU_1600,True,2
F0109,FRI_0900,True,3
F0109,FRI_1000,True,3
F0109,FRI_1100,True,2
F0109,FRI_1200,True,4
F0109,FRI_1400,True,3
F0109,FRI_1500,True,2
F0109,FRI_1600,True,4
F0110,MON_0900,True,4
F0110,MON_1000,True,4
F0110,MON_1100,True,3
F0110,MON_1200,True,4
F0110,MON_1400,True,3
F0110,MON_1500,True,4
F0110,MON_1600,True,2
F0110,TUE_0900,True,4
F0110,TUE_1000,True,3
F0110,TUE_1100,True,2
F0110,TUE_1200,True,2
F0110,TUE_1400,True,2
F0110,TUE_1500,True,3
F0110,TUE_1600,True,4
F0110,WED_0900,True,2
F0110,WED_1000,True,3
F0110,WED_1100,True,3
F0110,WED_1200,True,4
F0110,WED_1400,True,2
F0110,WED_1500,True,2
F0110,WED_1600,True,3
F0110,THU_0900,True,2
F0110,THU_1000,True,3
F0110,THU_1100,True,3
F0110,THU_1200,True,2
F0110,THU_1400,True,3
F0110,THU_1500,True,3
F0110,THU_1600,True,3
F0110,FRI_0900,True,3
F0110,FRI_1000,True,2
F0110,FRI_1100,True,2
F0110,FRI_1200,True,3
F0110,FRI_1400,True,3
F0110,FRI_1500,False,4
F0110,FRI_1600,False,3
F0111,MON_0900,True,3
F0111,MON_1000,True,2
F0111,MON_1100,True,3
F0111,MON_1200,True,2
F0111,MON_1400,True,4
F0111,MON_1500,True,2
F0111,MON_1600,True,4
F0111,TUE_0900,True,2
F0111,TUE_1000,True,3
F0111,TUE_1100,True,3
F0111,TUE_1200,True,4
F0111,TUE_1400,True,3
F0111,TUE_1500,True,2
F0111,TUE_1600,True,4
F0111,WED_0900,True,3
F0111,WED_1000,True,2
F0111,WED_1100,True,2
F0111,WED_1200,True,3
F0111,WED_1400,True,3
F0111,WED_1500,True,2
F0111,WED_1600,True,3
F0111,THU_0900,True,4
F0111,THU_1000,True,3
F0111,THU_1100,True,3
F0111,THU_1200,True,3
F0111,THU_1400,True,3
F0111,THU_1500,True,3
F0111,THU_1600,True,3
F0111,FRI_0900,True,3
F0111,FRI_1000,True,3
F0111,FRI_1100,True,3
F0111,FRI_1200,True,4
F0111,FRI_1400,True,4
F0111,FRI_1500,True,2
F0111,FRI_1600,True,4
F0112,MON_0900,True,3
F0112,MON_1000,True,3
F0112,MON_1100,True,3
F0112,MON_1200,True,3
F0112,MON_1400,True,4
F0112,MON_1500,True,4
F0112,MON_1600,True,4
F0112,TUE_0900,True,2
F0112,TUE_1000,True,3
F0112,TUE_1100,True,4
F0112,TUE_1200,True,2
F0112,TUE_1400,True,3
F0112,TUE_1500,True,3
F0112,TUE_1600,True,3
F0112,WED_0900,True,3
F0112,WED_1000,True,3
F0112,WED_1100,True,3
F0112,WED_1200,True,2
F0112,WED_1400,True,2
F0112,WED_1500,True,2
F0112,WED_1600,True,3
F0112,THU_0900,True,2
F0112,THU_1000,True,2
F0112,THU_1100,True,3
F0112,THU_1200,True,4
F0112,THU_1400,True,2
F0112,THU_1500,True,3
F0112,THU_1600,True,3
F0112,FRI_0900,True,4
F0112,FRI_1000,True,4
F0112,FRI_1100,True,4
F0112,FRI_1200,True,4
F0112,FRI_1400,True,3
F0112,FRI_1500,True,2
F0112,FRI_1600,True,3
F0113,MON_0900,True,3
F0113,MON_1000,True,4
F0113,MON_1100,True,2
F0113,MON_1200,True,2
F0113,MON_1400,True,2
F0113,MON_1500,True,3
F0113,MON_1600,True,3
F0113,TUE_0900,True,4
F0113,TUE_1000,True,3
F0113,TUE_1100,True,2
F0113,TUE_1200,True,3
F0113,TUE_1400,True,2
F0113,TUE_1500,True,3
F0113,TUE_1600,True,4
F0113,WED_0900,True,3
F0113,WED_1000,True,3
F0113,WED_1100,True,3
F0113,WED_1200,True,4
F0113,WED_1400,True,3
F0113,WED_1500,True,4
F0113,WED_1600,True,3
F0113,THU_0900,True,3
F0113,THU_1000,True,2
F0113,THU_1100,True,3
F0113,THU_1200,True,3
F0113,THU_1400,True,4
F0113,THU_1500,True,4
F0113,THU_1600,True,3
F0113,FRI_0900,True,2
F0113,FRI_1000,True,2
F0113,FRI_1100,True,3
F0113,FRI_1200,True,3
F0113,FRI_1400,True,4
F0113,FRI_1500,True,3
F0113,FRI_1600,True,2
F0114,MON_0900,True,2
F0114,MON_1000,True,3
F0114,MON_1100,True,3
F0114,MON_1200,True,3
F0114,MON_1400,True,4
F0114,MON_1500,True,2
F0114,MON_1600,True,2
F0114,TUE_0900,True,3
F0114,TUE_1000,True,2
F0114,TUE_1100,True,2
F0114,TUE_1200,True,3
F0114,TUE_1400,True,4
F0114,TUE_1500,True,3
F0114,TUE_1600,True,2
F0114,WED_0900,True,2
F0114,WED_1000,True,3
F0114,WED_1100,True,2
F0114,WED_1200,True,2
F0114,WED_1400,True,3
F0114,WED_1500,True,2
F0114,WED_1600,True,3
F0114,THU_0900,True,3
F0114,THU_1000,True,3
F0114,THU_1100,True,3
F0114,THU_1200,True,2
F0114,THU_1400,True,4
F0114,THU_1500,True,3
F0114,THU_1600,True,2
F0114,FRI_0900,True,3
F0114,FRI_1000,True,3
F0114,FRI_1100,True,3
F0114,FRI_1200,True,3
F0114,FRI_1400,True,3
F0114,FRI_1500,True,4
F0114,FRI_1600,True,4
F0115,MON_0900,True,3
F0115,MON_1000,True,4
F0115,MON_1100,True,4
F0115,MON_1200,True,3
F0115,MON_1400,True,4
F0115,MON_1500,True,4
F0115,MON_1600,True,4
F0115,TUE_0900,True,4
F0115,TUE_1000,True,3
F0115,TUE_1100,True,3
F0115,TUE_1200,True,3
F0115,TUE_1400,True,4
F0115,TUE_1500,True,3
F0115,TUE_1600,True,2
F0115,WED_0900,True,3
F0115,WED_1000,True,3
F0115,WED_1100,True,4
F0115,WED_1200,True,3
F0115,WED_1400,True,2
F0115,WED_1500,True,2
F0115,WED_1600,True,3
F0115,THU_0900,True,3
F0115,THU_1000,True,3
F0115,THU_1100,True,3
F0115,THU_1200,True,2
F0115,THU_1400,True,3
F0115,THU_1500,True,3
F0115,THU_1600,True,4
F0115,FRI_0900,True,4
F0115,FRI_1000,True,2
F0115,FRI_1100,True,2
F0115,FRI_1200,True,2
F0115,FRI_1400,True,2
F0115,FRI_1500,True,2
F0115,FRI_1600,True,3
F0116,MON_0900,True,2
F0116,MON_1000,True,3
F0116,MON_1100,True,2
F0116,MON_1200,True,3
F0116,MON_1400,True,2
F0116,MON_1500,True,3
F0116,MON_1600,True,3
F0116,TUE_0900,True,3
F0116,TUE_1000,True,4
F0116,TUE_1100,True,4
F0116,TUE_1200,True,2
F0116,TUE_1400,True,3
F0116,TUE_1500,True,2
F0116,TUE_1600,True,4
F0116,WED_0900,True,4
F0116,WED_1000,True,2
F0116,WED_1100,True,3
F0116,WED_1200,True,2
F0116,WED_1400,True,3
F0116,WED_1500,True,4
F0116,WED_1600,True,4
F0116,THU_0900,True,3
F0116,THU_1000,True,3
F0116,THU_1100,True,4
F0116,THU_1200,True,3
F0116,THU_1400,True,3
F0116,THU_1500,True,2
F0116,THU_1600,True,2
F0116,FRI_0900,True,3
F0116,FRI_1000,True,4
F0116,FRI_1100,True,2
F0116,FRI_1200,True,4
F0116,FRI_1400,True,2
F0116,FRI_1500,True,3
F0116,FRI_1600,True,3
F0117,MON_0900,True,3
F0117,MON_1000,True,2
F0117,MON_1100,True,3
F0117,MON_1200,True,2
F0117,MON_1400,True,4
F0117,MON_1500,True,4
F0117,MON_1600,True,3
F0117,TUE_0900,True,2
F0117,TUE_1000,True,4
F0117,TUE_1100,True,3
F0117,TUE_1200,True,3
F0117,TUE_1400,True,3
F0117,TUE_1500,True,2
F0117,TUE_1600,True,3
F0117,WED_0900,True,4
F0117,WED_1000,True,3
F0117,WED_1100,True,3
F0117,WED_1200,True,2
F0117,WED_1400,True,2
F0117,WED_1500,True,2
F0117,WED_1600,True,2
F0117,THU_0900,True,3
F0117,THU_1000,True,4
F0117,THU_1100,True,3
F0117,THU_1200,True,3
F0117,THU_1400,True,4
F0117,THU_1500,True,3
F0117,THU_1600,True,3
F0117,FRI_0900,True,2
F0117,FRI_1000,True,3
F0117,FRI_1100,True,3
F0117,FRI_1200,True,2
F0117,FRI_1400,True,4
F0117,FRI_1500,True,3
F0117,FRI_1600,True,3
F0118,MON_0900,True,4
F0118,MON_1000,True,2
F0118,MON_1100,True,3
F0118,MON_1200,True,2
F0118,MON_1400,True,3
F0118,MON_1500,True,2
F0118,MON_1600,True,2
F0118,TUE_0900,True,2
F0118,TUE_1000,True,2
F0118,TUE_1100,True,2
F0118,TUE_1200,True,3
F0118,TUE_1400,True,3
F0118,TUE_1500,True,3
F0118,TUE_1600,True,4
F0118,WED_0900,True,4
F0118,WED_1000,True,3
F0118,WED_1100,True,2
F0118,WED_1200,True,2
F0118,WED_1400,True,3
F0118,WED_1500,True,4
F0118,WED_1600,True,3
F0118,THU_0900,True,4
F0118,THU_1000,True,4
F0118,THU_1100,True,3
F0118,THU_1200,True,2
F0118,THU_1400,True,3
F0118,THU_1500,True,2
F0118,THU_1600,True,3
F0118,FRI_0900,True,2
F0118,FRI_1000,True,4
F0118,FRI_1100,True,2
F0118,FRI_1200,True,3
F0118,FRI_1400,True,3
F0118,FRI_1500,True,4
F0118,FRI_1600,True,4
F0119,MON_0900,True,2
F0119,MON_1000,True,3
F0119,MON_1100,True,2
F0119,MON_1200,True,3
F0119,MON_1400,True,3
F0119,MON_1500,True,4
F0119,MON_1600,True,4
F0119,TUE_0900,True,4
F0119,TUE_1000,True,3
F0119,TUE_1100,True,3
F0119,TUE_1200,True,3
F0119,TUE_1400,True,2
F0119,TUE_1500,True,4
F0119,TUE_1600,True,3
F0119,WED_0900,True,2
F0119,WED_1000,True,3
F0119,WED_1100,True,4
F0119,WED_1200,True,2
F0119,WED_1400,True,3
F0119,WED_1500,True,3
F0119,WED_1600,True,4
F0119,THU_0900,True,2
F0119,THU_1000,True,3
F0119,THU_1100,True,3
F0119,THU_1200,True,3
F0119,THU_1400,True,3
F0119,THU_1500,True,3
F0119,THU_1600,True,2
F0119,FRI_0900,True,3
F0119,FRI_1000,True,4
F0119,FRI_1100,True,3
F0119,FRI_1200,True,4
F0119,FRI_1400,True,4
F0119,FRI_1500,True,4
F0119,FRI_1600,True,3
F0120,MON_0900,True,3
F0120,MON_1000,True,3
F0120,MON_1100,True,3
F0120,MON_1200,True,4
F0120,MON_1400,True,3
F0120,MON_1500,True,3
F0120,MON_1600,True,3
F0120,TUE_0900,True,4
F0120,TUE_1000,True,3
F0120,TUE_1100,True,4
F0120,TUE_1200,True,3
F0120,TUE_1400,True,4
F0120,TUE_1500,True,3
F0120,TUE_1600,True,3
F0120,WED_0900,True,3
F0120,WED_1000,True,3
F0120,WED_1100,True,3
F0120,WED_1200,True,4
F0120,WED_1400,True,4
F0120,WED_1500,True,4
F0120,WED_1600,True,3
F0120,THU_0900,True,2
F0120,THU_1000,True,4
F0120,THU_1100,True,3
F0120,THU_1200,True,3
F0120,THU_1400,True,2
F0120,THU_1500,True,3
F0120,THU_1600,True,3
F0120,FRI_0900,True,4
F0120,FRI_1000,True,3
F0120,FRI_1100,True,2
F0120,FRI_1200,True,2
F0120,FRI_1400,True,3
F0120,FRI_1500,False,3
F0120,FRI_1600,False,4
F0121,MON_0900,True,3
F0121,MON_1000,True,3
F0121,MON_1100,True,3
F0121,MON_1200,True,3
F0121,MON_1400,True,4
F0121,MON_1500,True,4
F0121,MON_1600,True,2
F0121,TUE_0900,True,3
F0121,TUE_1000,True,3
F0121,TUE_1100,True,4
F0121,TUE_1200,True,2
F0121,TUE_1400,True,3
F0121,TUE_1500,True,3
F0121,TUE_1600,True,3
F0121,WED_0900,True,3
F0121,WED_1000,True,3
F0121,WED_1100,True,3
F0121,WED_1200,True,2
F0121,WED_1400,True,3
F0121,WED_1500,True,3
F0121,WED_1600,True,3
F0121,THU_0900,True,3
F0121,THU_1000,True,4
F0121,THU_1100,True,4
F0121,THU_1200,True,3
F0121,THU_1400,True,2
F0121,THU_1500,True,2
F0121,THU_1600,True,2
F0121,FRI_0900,True,3
F0121,FRI_1000,True,3
F0121,FRI_1100,True,2
F0121,FRI_1200,True,2
F0121,FRI_1400,True,4
F0121,FRI_1500,True,2
F0121,FRI_1600,True,4
F0122,MON_0900,True,4
F0122,MON_1000,True,3
F0122,MON_1100,True,4
F0122,MON_1200,True,3
F0122,MON_1400,True,4
F0122,MON_1500,True,3
F0122,MON_1600,True,3
F0122,TUE_0900,True,2
F0122,TUE_1000,True,3
F0122,TUE_1100,True,2
F0122,TUE_1200,True,3
F0122,TUE_1400,True,3
F0122,TUE_1500,True,2
F0122,TUE_1600,True,3
F0122,WED_0900,True,3
F0122,WED_1000,True,3
F0122,WED_1100,True,4
F0122,WED_1200,True,3
F0122,WED_1400,True,4
F0122,WED_1500,True,3
F0122,WED_1600,True,2
F0122,THU_0900,True,4
F0122,THU_1000,True,3
F0122,THU_1100,True,4
F0122,THU_1200,True,3
F0122,THU_1400,True,2
F0122,THU_1500,True,2
F0122,THU_1600,True,4
F0122,FRI_0900,True,2
F0122,FRI_1000,True,3
F0122,FRI_1100,True,2
F0122,FRI_1200,True,2
F0122,FRI_1400,True,2
F0122,FRI_1500,True,3
F0122,FRI_1600,True,3
F0123,MON_0900,True,3
F0123,MON_1000,True,3
F0123,MON_1100,True,3
F0123,MON_1200,True,3
F0123,MON_1400,True,3
F0123,MON_1500,True,3
F0123,MON_1600,True,4
F0123,TUE_0900,True,4
F0123,TUE_1000,True,3
F0123,TUE_1100,True,2
F0123,TUE_1200,True,3
F0123,TUE_1400,True,3
F0123,TUE_1500,True,4
F0123,TUE_1600,True,3
F0123,WED_0900,True,3
F0123,WED_1000,True,2
F0123,WED_1100,True,2
F0123,WED_1200,True,3
F0123,WED_1400,True,3
F0123,WED_1500,True,3
F0123,WED_1600,True,3
F0123,THU_0900,True,3
F0123,THU_1000,True,3
F0123,THU_1100,True,3
F0123,THU_1200,True,3
F0123,THU_1400,True,4
F0123,THU_1500,True,4
F0123,THU_1600,True,2
F0123,FRI_0900,True,3
F0123,FRI_1000,True,2
F0123,FRI_1100,True,4
F0123,FRI_1200,True,3
F0123,FRI_1400,True,4
F0123,FRI_1500,True,4
F0123,FRI_1600,True,3
F0124,MON_0900,True,4
F0124,MON_1000,True,4
F0124,MON_1100,True,4
F0124,MON_1200,True,3
F0124,MON_1400,True,3
F0124,MON_1500,True,2
F0124,MON_1600,True,3
F0124,TUE_0900,True,4
F0124,TUE_1000,True,2
F0124,TUE_1100,True,2
F0124,TUE_1200,True,3
F0124,TUE_1400,True,4
F0124,TUE_1500,True,2
F0124,TUE_1600,True,3
F0124,WED_0900,True,4
F0124,WED_1000,True,3
F0124,WED_1100,True,3
F0124,WED_1200,True,4
F0124,WED_1400,True,3
F0124,WED_1500,True,4
F0124,WED_1600,True,3
F0124,THU_0900,True,3
F0124,THU_1000,True,3
F0124,THU_1100,True,2
F0124,THU_1200,True,3
F0124,THU_1400,True,2
F0124,THU_1500,True,3
F0124,THU_1600,True,3
F0124,FRI_0900,True,3
F0124,FRI_1000,True,3
F0124,FRI_1100,True,3
F0124,FRI_1200,True,3
F0124,FRI_1400,True,3
F0124,FRI_1500,True,3
F0124,FRI_1600,True,4
F0125,MON_0900,True,3
F0125,MON_1000,True,3
F0125,MON_1100,True,3
F0125,MON_1200,True,2
F0125,MON_1400,True,3
F0125,MON_1500,True,2
F0125,MON_1600,True,3
F0125,TUE_0900,True,3
F0125,TUE_1000,True,3
F0125,TUE_1100,True,3
F0125,TUE_1200,True,3
F0125,TUE_1400,True,3
F0125,TUE_1500,True,3
F0125,TUE_1600,True,3
F0125,WED_0900,True,3
F0125,WED_1000,True,2
F0125,WED_1100,True,4
F0125,WED_1200,True,3
F0125,WED_1400,True,3
F0125,WED_1500,True,4
F0125,WED_1600,True,3
F0125,THU_0900,True,3
F0125,THU_1000,True,3
F0125,THU_1100,True,4
F0125,THU_1200,True,3
F0125,THU_1400,True,3
F0125,THU_1500,True,4
F0125,THU_1600,True,4
F0125,FRI_0900,True,3
F0125,FRI_1000,True,2
F0125,FRI_1100,True,3
F0125,FRI_1200,True,4
F0125,FRI_1400,True,3
F0125,FRI_1500,True,3
F0125,FRI_1600,True,4
F0126,MON_0900,True,4
F0126,MON_1000,True,3
F0126,MON_1100,True,3
F0126,MON_1200,True,3
F0126,MON_1400,True,3
F0126,MON_1500,True,2
F0126,MON_1600,True,3
F0126,TUE_0900,True,3
F0126,TUE_1000,True,4
F0126,TUE_1100,True,4
F0126,TUE_1200,True,2
F0126,TUE_1400,True,2
F0126,TUE_1500,True,2
F0126,TUE_1600,True,3
F0126,WED_0900,True,3
F0126,WED_1000,True,2
F0126,WED_1100,True,2
F0126,WED_1200,True,3
F0126,WED_1400,True,3
F0126,WED_1500,True,4
F0126,WED_1600,True,3
F0126,THU_0900,True,3
F0126,THU_1000,True,4
F0126,THU_1100,True,2
F0126,THU_1200,True,4
F0126,THU_1400,True,2
F0126,THU_1500,True,3
F0126,THU_1600,True,2
F0126,FRI_0900,True,3
F0126,FRI_1000,True,3
F0126,FRI_1100,True,2
F0126,FRI_1200,True,3
F0126,FRI_1400,True,3
F0126,FRI_1500,True,2
F0126,FRI_1600,True,3
F0127,MON_0900,True,2
F0127,MON_1000,True,2
F0127,MON_1100,True,3
F0127,MON_1200,True,2
F0127,MON_1400,True,2
F0127,MON_1500,True,3
F0127,MON_1600,True,3
F0127,TUE_0900,True,2
F0127,TUE_1000,True,2
F0127,TUE_1100,True,3
F0127,TUE_1200,True,3
F0127,TUE_1400,True,4
F0127,TUE_1500,True,4
F0127,TUE_1600,True,2
F0127,WED_0900,True,4
F0127,WED_1000,True,3
F0127,WED_1100,True,3
F0127,WED_1200,True,2
F0127,WED_1400,True,4
F0127,WED_1500,True,4
F0127,WED_1600,True,4
F0127,THU_0900,True,3
F0127,THU_1000,True,3
F0127,THU_1100,True,4
F0127,THU_1200,True,2
F0127,THU_1400,True,3
F0127,THU_1500,True,4
F0127,THU_1600,True,3
F0127,FRI_0900,True,3
F0127,FRI_1000,True,4
F0127,FRI_1100,True,4
F0127,FRI_1200,True,3
F0127,FRI_1400,True,4
F0127,FRI_1500,True,3
F0127,FRI_1600,True,3
F0128,MON_0900,True,3
F0128,MON_1000,True,2
F0128,MON_1100,True,3
F0128,MON_1200,True,4
F0128,MON_1400,True,3
F0128,MON_1500,True,4
F0128,MON_1600,True,3
F0128,TUE_0900,True,2
F0128,TUE_1000,True,2
F0128,TUE_1100,True,4
F0128,TUE_1200,True,3
F0128,TUE_1400,True,3
F0128,TUE_1500,True,4
F0128,TUE_1600,True,2
F0128,WED_0900,True,3
F0128,WED_1000,True,4
F0128,WED_1100,True,3
F0128,WED_1200,True,3
F0128,WED_1400,True,4
F0128,WED_1500,True,2
F0128,WED_1600,True,2
F0128,THU_0900,True,3
F0128,THU_1000,True,4
F0128,THU_1100,True,3
F0128,THU_1200,True,2
F0128,THU_1400,True,3
F0128,THU_1500,True,3
F0128,THU_1600,True,3
F0128,FRI_0900,True,3
F0128,FRI_1000,True,3
F0128,FRI_1100,True,2
F0128,FRI_1200,True,4
F0128,FRI_1400,True,3
F0128,FRI_1500,True,2
F0128,FRI_1600,True,4
F0129,MON_0900,True,3
F0129,MON_1000,True,2
F0129,MON_1100,True,2
F0129,MON_1200,True,4
F0129,MON_1400,True,3
F0129,MON_1500,True,2
F0129,MON_1600,True,3
F0129,TUE_0900,True,3
F0129,TUE_1000,True,2
F0129,TUE_1100,True,2
F0129,TUE_1200,True,4
F0129,TUE_1400,True,3
F0129,TUE_1500,True,2
F0129,TUE_1600,True,3
F0129,WED_0900,True,4
F0129,WED_1000,True,2
F0129,WED_1100,True,3
F0129,WED_1200,True,2
F0129,WED_1400,True,3
F0129,WED_1500,True,2
F0129,WED_1600,True,4
F0129,THU_0900,True,4
F0129,THU_1000,True,3
F0129,THU_1100,True,3
F0129,THU_1200,True,4
F0129,THU_1400,True,2
F0129,THU_1500,True,3
F0129,THU_1600,True,2
F0129,FRI_0900,True,3
F0129,FRI_1000,True,2
F0129,FRI_1100,True,2
F0129,FRI_1200,True,3
F0129,FRI_1400,True,3
F0129,FRI_1500,True,4
F0129,FRI_1600,True,4
F0130,MON_0900,True,3
F0130,MON_1000,True,3
F0130,MON_1100,True,2
F0130,MON_1200,True,3
F0130,MON_1400,True,2
F0130,MON_1500,True,3
F0130,MON_1600,True,3
F0130,TUE_0900,True,4
F0130,TUE_1000,True,4
F0130,TUE_1100,True,4
F0130,TUE_1200,True,3
F0130,TUE_1400,True,3
F0130,TUE_1500,True,4
F0130,TUE_1600,True,2
F0130,WED_0900,True,3
F0130,WED_1000,True,3
F0130,WED_1100,True,3
F0130,WED_1200,True,2
F0130,WED_1400,True,3
F0130,WED_1500,True,3
F0130,WED_1600,True,2
F0130,THU_0900,True,3
F0130,THU_1000,True,3
F0130,THU_1100,True,2
F0130,THU_1200,True,2
F0130,THU_1400,True,3
F0130,THU_1500,True,2
F0130,THU_1600,True,2
F0130,FRI_0900,True,2
F0130,FRI_1000,True,3
F0130,FRI_1100,True,2
F0130,FRI_1200,True,2
F0130,FRI_1400,True,3
F0130,FRI_1500,True,3
F0130,FRI_1600,True,3
F0131,MON_0900,True,3
F0131,MON_1000,True,4
F0131,MON_1100,True,3
F0131,MON_1200,True,4
F0131,MON_1400,True,2
F0131,MON_1500,True,2
F0131,MON_1600,True,2
F0131,TUE_0900,True,3
F0131,TUE_1000,True,2
F0131,TUE_1100,True,3
F0131,TUE_1200,True,2
F0131,TUE_1400,True,3
F0131,TUE_1500,True,3
F0131,TUE_1600,True,2
F0131,WED_0900,True,3
F0131,WED_1000,True,2
F0131,WED_1100,True,2
F0131,WED_1200,True,4
F0131,WED_1400,True,4
F0131,WED_1500,True,3
F0131,WED_1600,True,3
F0131,THU_0900,True,3
F0131,THU_1000,True,4
F0131,THU_1100,True,3
F0131,THU_1200,True,3
F0131,THU_1400,True,2
F0131,THU_1500,True,2
F0131,THU_1600,True,4
F0131,FRI_0900,True,3
F0131,FRI_1000,True,2
F0131,FRI_1100,True,4
F0131,FRI_1200,True,2
F0131,FRI_1400,True,3
F0131,FRI_1500,True,3
F0131,FRI_1600,True,4
F0132,MON_0900,True,4
F0132,MON_1000,True,3
F0132,MON_1100,True,2
F0132,MON_1200,True,3
F0132,MON_1400,True,4
F0132,MON_1500,True,3
F0132,MON_1600,True,3
F0132,TUE_0900,True,3
F0132,TUE_1000,True,2
F0132,TUE_1100,True,3
F0132,TUE_1200,True,3
F0132,TUE_1400,True,2
F0132,TUE_1500,True,4
F0132,TUE_1600,True,2
F0132,WED_0900,True,3
F0132,WED_1000,True,3
F0132,WED_1100,True,2
F0132,WED_1200,True,4
F0132,WED_1400,True,3
F0132,WED_1500,True,3
F0132,WED_1600,True,4
F0132,THU_0900,True,4
F0132,THU_1000,True,3
F0132,THU_1100,True,3
F0132,THU_1200,True,2
F0132,THU_1400,True,3
F0132,THU_1500,True,3
F0132,THU_1600,True,2
F0132,FRI_0900,True,3
F0132,FRI_1000,True,3
F0132,FRI_1100,True,2
F0132,FRI_1200,True,3
F0132,FRI_1400,True,4
F0132,FRI_1500,True,3
F0132,FRI_1600,True,4
F0133,MON_0900,True,3
F0133,MON_1000,True,2
F0133,MON_1100,True,2
F0133,MON_1200,True,2
F0133,MON_1400,True,3
F0133,MON_1500,True,4
F0133,MON_1600,True,3
F0133,TUE_0900,True,2
F0133,TUE_1000,True,2
F0133,TUE_1100,True,4
F0133,TUE_1200,True,4
F0133,TUE_1400,True,3
F0133,TUE_1500,True,3
F0133,TUE_1600,True,3
F0133,WED_0900,True,3
F0133,WED_1000,True,2
F0133,WED_1100,True,4
F0133,WED_1200,True,3
F0133,WED_1400,True,2
F0133,WED_1500,True,3
F0133,WED_1600,True,4
F0133,THU_0900,True,3
F0133,THU_1000,True,3
F0133,THU_1100,True,4
F0133,THU_1200,True,2
F0133,THU_1400,True,3
F0133,THU_1500,True,2
F0133,THU_1600,True,3
F0133,FRI_0900,True,3
F0133,FRI_1000,True,4
F0133,FRI_1100,True,4
F0133,FRI_1200,True,3
F0133,FRI_1400,True,3
F0133,FRI_1500,True,3
F0133,FRI_1600,True,4
F0134,MON_0900,True,3
F0134,MON_1000,True,3
F0134,MON_1100,True,4
F0134,MON_1200,True,2
F0134,MON_1400,True,4
F0134,MON_1500,True,2
F0134,MON_1600,True,3
F0134,TUE_0900,True,4
F0134,TUE_1000,True,3
F0134,TUE_1100,True,2
F0134,TUE_1200,True,3
F0134,TUE_1400,True,2
F0134,TUE_1500,True,4
F0134,TUE_1600,True,4
F0134,WED_0900,True,2
F0134,WED_1000,True,4
F0134,WED_1100,True,3
F0134,WED_1200,True,3
F0134,WED_1400,True,4
F0134,WED_1500,True,2
F0134,WED_1600,True,3
F0134,THU_0900,True,4
F0134,THU_1000,True,2
F0134,THU_1100,True,3
F0134,THU_1200,True,3
F0134,THU_1400,True,3
F0134,THU_1500,True,2
F0134,THU_1600,True,2
F0134,FRI_0900,True,3
F0134,FRI_1000,True,3
F0134,FRI_1100,True,2
F0134,FRI_1200,True,3
F0134,FRI_1400,True,2
F0134,FRI_1500,True,3
F0134,FRI_1600,True,2
F0135,MON_0900,True,4
F0135,MON_1000,True,3
F0135,MON_1100,True,3
F0135,MON_1200,True,4
F0135,MON_1400,True,4
F0135,MON_1500,True,3
F0135,MON_1600,True,3
F0135,TUE_0900,True,4
F0135,TUE_1000,True,3
F0135,TUE_1100,True,4
F0135,TUE_1200,True,2
F0135,TUE_1400,True,3
F0135,TUE_1500,True,4
F0135,TUE_1600,True,3
F0135,WED_0900,True,3
F0135,WED_1000,True,3
F0135,WED_1100,True,4
F0135,WED_1200,True,4
F0135,WED_1400,True,2
F0135,WED_1500,True,3
F0135,WED_1600,True,2
F0135,THU_0900,True,2
F0135,THU_1000,True,3
F0135,THU_1100,True,4
F0135,THU_1200,True,2
F0135,THU_1400,True,2
F0135,THU_1500,True,4
F0135,THU_1600,True,2
F0135,FRI_0900,True,4
F0135,FRI_1000,True,3
F0135,FRI_1100,True,3
F0135,FRI_1200,True,3
F0135,FRI_1400,True,3
F0135,FRI_1500,True,4
F0135,FRI_1600,True,4
F0136,MON_0900,True,3
F0136,MON_1000,True,4
F0136,MON_1100,True,4
F0136,MON_1200,True,3
F0136,MON_1400,True,3
F0136,MON_1500,True,4
F0136,MON_1600,True,2
F0136,TUE_0900,True,4
F0136,TUE_1000,True,3
F0136,TUE_1100,True,2
F0136,TUE_1200,True,3
F0136,TUE_1400,True,4
F0136,TUE_1500,True,3
F0136,TUE_1600,True,3
F0136,WED_0900,True,4
F0136,WED_1000,True,2
F0136,WED_1100,True,3
F0136,WED_1200,True,2
F0136,WED_1400,True,3
F0136,WED_1500,True,2
F0136,WED_1600,True,3
F0136,THU_0900,True,3
F0136,THU_1000,True,2
F0136,THU_1100,True,2
F0136,THU_1200,True,2
F0136,THU_1400,True,3
F0136,THU_1500,True,3
F0136,THU_1600,True,4
F0136,FRI_0900,True,2
F0136,FRI_1000,True,3
F0136,FRI_1100,True,4
F0136,FRI_1200,True,3
F0136,FRI_1400,True,2
F0136,FRI_1500,True,3
F0136,FRI_1600,True,4
F0137,MON_0900,True,2
F0137,MON_1000,True,2
F0137,MON_1100,True,4
F0137,MON_1200,True,4
F0137,MON_1400,True,2
F0137,MON_1500,True,3
F0137,MON_1600,True,3
F0137,TUE_0900,True,3
F0137,TUE_1000,True,4
F0137,TUE_1100,True,4
F0137,TUE_1200,True,3
F0137,TUE_1400,True,3
F0137,TUE_1500,True,3
F0137,TUE_1600,True,3
F0137,WED_0900,True,3
F0137,WED_1000,True,3
F0137,WED_1100,True,4
F0137,WED_1200,True,2
F0137,WED_1400,True,2
F0137,WED_1500,True,3
F0137,WED_1600,True,2
F0137,THU_0900,True,4
F0137,THU_1000,True,2
F0137,THU_1100,True,2
F0137,THU_1200,True,3
F0137,THU_1400,True,3
F0137,THU_1500,True,2
F0137,THU_1600,True,3
F0137,FRI_0900,True,3
F0137,FRI_1000,True,3
F0137,FRI_1100,True,2
F0137,FRI_1200,True,3
F0137,FRI_1400,True,4
F0137,FRI_1500,True,3
F0137,FRI_1600,True,3
F0138,MON_0900,True,3
F0138,MON_1000,True,2
F0138,MON_1100,True,3
F0138,MON_1200,True,3
F0138,MON_1400,True,3
F0138,MON_1500,True,3
F0138,MON_1600,True,4
F0138,TUE_0900,True,3
F0138,TUE_1000,True,2
F0138,TUE_1100,True,3
F0138,TUE_1200,True,3
F0138,TUE_1400,True,3
F0138,TUE_1500,True,3
F0138,TUE_1600,True,4
F0138,WED_0900,True,4
F0138,WED_1000,True,3
F0138,WED_1100,True,3
F0138,WED_1200,True,3
F0138,WED_1400,True,3
F0138,WED_1500,True,3
F0138,WED_1600,True,3
F0138,THU_0900,True,3
F0138,THU_1000,True,2
F0138,THU_1100,True,2
F0138,THU_1200,True,3
F0138,THU_1400,True,3
F0138,THU_1500,True,3
F0138,THU_1600,True,4
F0138,FRI_0900,True,3
F0138,FRI_1000,True,3
F0138,FRI_1100,True,3
F0138,FRI_1200,True,2
F0138,FRI_1400,True,4
F0138,FRI_1500,True,3
F0138,FRI_1600,True,4
F0139,MON_0900,True,3
F0139,MON_1000,True,2
F0139,MON_1100,True,4
F0139,MON_1200,True,3
F0139,MON_1400,True,4
F0139,MON_1500,True,3
F0139,MON_1600,True,2
F0139,TUE_0900,True,4
F0139,TUE_1000,True,3
F0139,TUE_1100,True,4
F0139,TUE_1200,True,3
F0139,TUE_1400,True,3
F0139,TUE_1500,True,3
F0139,TUE_1600,True,3
F0139,WED_0900,True,2
F0139,WED_1000,True,3
F0139,WED_1100,True,4
F0139,WED_1200,True,4
F0139,WED_1400,True,3
F0139,WED_1500,True,3
F0139,WED_1600,True,3
F0139,THU_0900,True,2
F0139,THU_1000,True,4
F0139,THU_1100,True,3
F0139,THU_1200,True,3
F0139,THU_1400,True,3
F0139,THU_1500,True,4
F0139,THU_1600,True,2
F0139,FRI_0900,True,3
F0139,FRI_1000,True,4
F0139,FRI_1100,True,3
F0139,FRI_1200,True,3
F0139,FRI_1400,True,2
F0139,FRI_1500,True,4
F0139,FRI_1600,True,3
F0140,MON_0900,True,2
F0140,MON_1000,True,3
F0140,MON_1100,True,4
F0140,MON_1200,True,3
F0140,MON_1400,True,2
F0140,MON_1500,True,3
F0140,MON_1600,True,3
F0140,TUE_0900,True,3
F0140,TUE_1000,True,2
F0140,TUE_1100,True,2
F0140,TUE_1200,True,2
F0140,TUE_1400,True,2
F0140,TUE_1500,True,2
F0140,TUE_1600,True,2
F0140,WED_0900,True,3
F0140,WED_1000,True,2
F0140,WED_1100,True,4
F0140,WED_1200,True,3
F0140,WED_1400,True,2
F0140,WED_1500,True,3
F0140,WED_1600,True,3
F0140,THU_0900,True,2
F0140,THU_1000,True,4
F0140,THU_1100,True,2
F0140,THU_1200,True,2
F0140,THU_1400,True,3
F0140,THU_1500,True,3
F0140,THU_1600,True,3
F0140,FRI_0900,True,3
F0140,FRI_1000,True,4
F0140,FRI_1100,True,3
F0140,FRI_1200,True,4
F0140,FRI_1400,True,3
F0140,FRI_1500,True,3
F0140,FRI_1600,True,4
F0141,MON_0900,True,3
F0141,MON_1000,True,3
F0141,MON_1100,True,2
F0141,MON_1200,True,4
F0141,MON_1400,True,3
F0141,MON_1500,True,2
F0141,MON_1600,True,4
F0141,TUE_0900,True,4
F0141,TUE_1000,True,4
F0141,TUE_1100,True,3
F0141,TUE_1200,True,3
F0141,TUE_1400,True,3
F0141,TUE_1500,True,3
F0141,TUE_1600,True,3
F0141,WED_0900,True,4
F0141,WED_1000,True,3
F0141,WED_1100,True,2
F0141,WED_1200,True,3
F0141,WED_1400,True,3
F0141,WED_1500,True,3
F0141,WED_1600,True,3
F0141,THU_0900,True,3
F0141,THU_1000,True,3
F0141,THU_1100,True,3
F0141,THU_1200,True,4
F0141,THU_1400,True,3
F0141,THU_1500,True,3
F0141,THU_1600,True,4
F0141,FRI_0900,True,4
F0141,FRI_1000,True,3
F0141,FRI_1100,True,3
F0141,FRI_1200,True,2
F0141,FRI_1400,True,3
F0141,FRI_1500,True,2
F0141,FRI_1600,True,4
F0142,MON_0900,True,2
F0142,MON_1000,True,2
F0142,MON_1100,True,3
F0142,MON_1200,True,2
F0142,MON_1400,True,2
F0142,MON_1500,True,4
F0142,MON_1600,True,2
F0142,TUE_0900,True,3
F0142,TUE_1000,True,3
F0142,TUE_1100,True,4
F0142,TUE_1200,True,2
F0142,TUE_1400,True,3
F0142,TUE_1500,True,4
F0142,TUE_1600,True,3
F0142,WED_0900,True,3
F0142,WED_1000,True,3
F0142,WED_1100,True,2
F0142,WED_1200,True,4
F0142,WED_1400,True,3
F0142,WED_1500,True,4
F0142,WED_1600,True,4
F0142,THU_0900,True,2
F0142,THU_1000,True,4
F0142,THU_1100,True,3
F0142,THU_1200,True,3
F0142,THU_1400,True,4
F0142,THU_1500,True,4
F0142,THU_1600,True,4
F0142,FRI_0900,True,2
F0142,FRI_1000,True,2
F0142,FRI_1100,True,3
F0142,FRI_1200,True,2
F0142,FRI_1400,True,4
F0142,FRI_1500,False,3
F0142,FRI_1600,False,2
F0143,MON_0900,True,4
F0143,MON_1000,True,2
F0143,MON_1100,True,3
F0143,MON_1200,True,4
F0143,MON_1400,True,3
F0143,MON_1500,True,2
F0143,MON_1600,True,3
F0143,TUE_0900,True,3
F0143,TUE_1000,True,3
F0143,TUE_1100,True,3
F0143,TUE_1200,True,4
F0143,TUE_1400,True,3
F0143,TUE_1500,True,2
F0143,TUE_1600,True,3
F0143,WED_0900,True,4
F0143,WED_1000,True,4
F0143,WED_1100,True,4
F0143,WED_1200,True,2
F0143,WED_1400,True,3
F0143,WED_1500,True,4
F0143,WED_1600,True,3
F0143,THU_0900,True,3
F0143,THU_1000,True,2
F0143,THU_1100,True,2
F0143,THU_1200,True,3
F0143,THU_1400,True,4
F0143,THU_1500,True,3
F0143,THU_1600,True,3
F0143,FRI_0900,True,2
F0143,FRI_1000,True,3
F0143,FRI_1100,True,3
F0143,FRI_1200,True,3
F0143,FRI_1400,True,3
F0143,FRI_1500,False,3
F0143,FRI_1600,False,4
F0144,MON_0900,True,3
F0144,MON_1000,True,3
F0144,MON_1100,True,3
F0144,MON_1200,True,2
F0144,MON_1400,True,3
F0144,MON_1500,True,4
F0144,MON_1600,True,4
F0144,TUE_0900,True,4
F0144,TUE_1000,True,4
F0144,TUE_1100,True,2
F0144,TUE_1200,True,4
F0144,TUE_1400,True,3
F0144,TUE_1500,True,3
F0144,TUE_1600,True,4
F0144,WED_0900,True,2
F0144,WED_1000,True,2
F0144,WED_1100,True,3
F0144,WED_1200,True,4
F0144,WED_1400,True,2
F0144,WED_1500,True,4
F0144,WED_1600,True,3
F0144,THU_0900,True,3
F0144,THU_1000,True,3
F0144,THU_1100,True,3
F0144,THU_1200,True,3
F0144,THU_1400,True,2
F0144,THU_1500,True,3
F0144,THU_1600,True,3
F0144,FRI_0900,True,2
F0144,FRI_1000,True,2
F0144,FRI_1100,True,2
F0144,FRI_1200,True,3
F0144,FRI_1400,True,2
F0144,FRI_1500,True,4
F0144,FRI_1600,True,3
